quote_date,item_id,p_mean,itemName,date,dateStata,dateISO,obs,year,month,quarter,ElectricityAveragePenceper,Date,kWh,Litres,teabags,GofSugar,CostpercupinPence,field
,,4,Electricity - Pence per kWh,Jan-04,01/01/2004,01/01/2004,,2004,,1,4,2004-1,0.225,,,,0.8379,Boling the Kettle
,,4,Electricity - Pence per kWh,Apr-04,01/04/2004,01/04/2004,,2004,,2,4,2004-2,0.225,,,,0.808425,Boling the Kettle
,,4,Electricity - Pence per kWh,Jul-04,01/07/2004,01/07/2004,,2004,,3,4,2004-3,0.225,,,,0.824175,Boling the Kettle
,,4,Electricity - Pence per kWh,Oct-04,01/10/2004,01/10/2004,,2004,,4,4,2004-4,0.225,,,,1.0026,Boling the Kettle
,,5,Electricity - Pence per kWh,Jan-05,01/01/2005,01/01/2005,,2005,,1,5,2005-1,0.225,,,,1.0287,Boling the Kettle
,,5,Electricity - Pence per kWh,Apr-05,01/04/2005,01/04/2005,,2005,,2,5,2005-2,0.225,,,,1.035,Boling the Kettle
,,5,Electricity - Pence per kWh,Jul-05,01/07/2005,01/07/2005,,2005,,3,5,2005-3,0.225,,,,1.06605,Boling the Kettle
,,6,Electricity - Pence per kWh,Oct-05,01/10/2005,01/10/2005,,2005,,4,6,2005-4,0.225,,,,1.242,Boling the Kettle
,,6,Electricity - Pence per kWh,Jan-06,01/01/2006,01/01/2006,,2006,,1,6,2006-1,0.225,,,,1.369560416,Boling the Kettle
,,6,Electricity - Pence per kWh,Apr-06,01/04/2006,01/04/2006,,2006,,2,6,2006-2,0.225,,,,1.372518001,Boling the Kettle
,,6,Electricity - Pence per kWh,Jul-06,01/07/2006,01/07/2006,,2006,,3,6,2006-3,0.225,,,,1.403935975,Boling the Kettle
,,7,Electricity - Pence per kWh,Oct-06,01/10/2006,01/10/2006,,2006,,4,7,2006-4,0.225,,,,1.582059468,Boling the Kettle
,,7,Electricity - Pence per kWh,Jan-07,01/01/2007,01/01/2007,,2007,,1,7,2007-1,0.225,,,,1.66356541,Boling the Kettle
,,6,Electricity - Pence per kWh,Apr-07,01/04/2007,01/04/2007,,2007,,2,6,2007-2,0.225,,,,1.459478308,Boling the Kettle
,,7,Electricity - Pence per kWh,Jul-07,01/07/2007,01/07/2007,,2007,,3,7,2007-3,0.225,,,,1.492602042,Boling the Kettle
,,7,Electricity - Pence per kWh,Oct-07,01/10/2007,01/10/2007,,2007,,4,7,2007-4,0.225,,,,1.546747283,Boling the Kettle
,,7,Electricity - Pence per kWh,Jan-08,01/01/2008,01/01/2008,,2008,,1,7,2008-1,0.225,,,,1.601816611,Boling the Kettle
,,7,Electricity - Pence per kWh,Apr-08,01/04/2008,01/04/2008,,2008,,2,7,2008-2,0.225,,,,1.67172441,Boling the Kettle
,,8,Electricity - Pence per kWh,Jul-08,01/07/2008,01/07/2008,,2008,,3,8,2008-3,0.225,,,,1.758126664,Boling the Kettle
,,9,Electricity - Pence per kWh,Oct-08,01/10/2008,01/10/2008,,2008,,4,9,2008-4,0.225,,,,2.12521058,Boling the Kettle
,,9,Electricity - Pence per kWh,Jan-09,01/01/2009,01/01/2009,,2009,,1,9,2009-1,0.225,,,,2.037816071,Boling the Kettle
,,9,Electricity - Pence per kWh,Apr-09,01/04/2009,01/04/2009,,2009,,2,9,2009-2,0.225,,,,2.055107392,Boling the Kettle
,,9,Electricity - Pence per kWh,Jul-09,01/07/2009,01/07/2009,,2009,,3,9,2009-3,0.225,,,,1.991885693,Boling the Kettle
,,9,Electricity - Pence per kWh,Oct-09,01/10/2009,01/10/2009,,2009,,4,9,2009-4,0.225,,,,1.925022012,Boling the Kettle
,,8,Electricity - Pence per kWh,Jan-10,01/01/2010,01/01/2010,,2010,,1,8,2010-1,0.225,,,,1.905765579,Boling the Kettle
,,8,Electricity - Pence per kWh,Apr-10,01/04/2010,01/04/2010,,2010,,2,8,2010-2,0.225,,,,1.832875926,Boling the Kettle
,,8,Electricity - Pence per kWh,Jul-10,01/07/2010,01/07/2010,,2010,,3,8,2010-3,0.225,,,,1.847328122,Boling the Kettle
,,8,Electricity - Pence per kWh,Oct-10,01/10/2010,01/10/2010,,2010,,4,8,2010-4,0.225,,,,1.831852978,Boling the Kettle
,,8,Electricity - Pence per kWh,Jan-11,01/01/2011,01/01/2011,,2011,,1,8,2011-1,0.225,,,,1.830248568,Boling the Kettle
,,8,Electricity - Pence per kWh,Apr-11,01/04/2011,01/04/2011,,2011,,2,8,2011-2,0.225,,,,1.814115466,Boling the Kettle
,,8,Electricity - Pence per kWh,Jul-11,01/07/2011,01/07/2011,,2011,,3,8,2011-3,0.225,,,,1.827947713,Boling the Kettle
,,9,Electricity - Pence per kWh,Oct-11,01/10/2011,01/10/2011,,2011,,4,9,2011-4,0.225,,,,1.953790802,Boling the Kettle
,,9,Electricity - Pence per kWh,Jan-12,01/01/2012,01/01/2012,,2012,,1,9,2012-1,0.225,,,,2.00166985,Boling the Kettle
,,9,Electricity - Pence per kWh,Apr-12,01/04/2012,01/04/2012,,2012,,2,9,2012-2,0.225,,,,1.991113548,Boling the Kettle
,,9,Electricity - Pence per kWh,Jul-12,01/07/2012,01/07/2012,,2012,,3,9,2012-3,0.225,,,,1.989842346,Boling the Kettle
,,9,Electricity - Pence per kWh,Oct-12,01/10/2012,01/10/2012,,2012,,4,9,2012-4,0.225,,,,2.062972603,Boling the Kettle
,,9,Electricity - Pence per kWh,Jan-13,01/01/2013,01/01/2013,,2013,,1,9,2013-1,0.225,,,,2.089353296,Boling the Kettle
,,9,Electricity - Pence per kWh,Apr-13,01/04/2013,01/04/2013,,2013,,2,9,2013-2,0.225,,,,2.128734828,Boling the Kettle
,,9,Electricity - Pence per kWh,Jul-13,01/07/2013,01/07/2013,,2013,,3,9,2013-3,0.225,,,,2.125337973,Boling the Kettle
,,10,Electricity - Pence per kWh,Oct-13,01/10/2013,01/10/2013,,2013,,4,10,2013-4,0.225,,,,2.231821084,Boling the Kettle
,,10,Electricity - Pence per kWh,Jan-14,01/01/2014,01/01/2014,,2014,,1,10,2014-1,0.225,,,,2.262891267,Boling the Kettle
,,10,Electricity - Pence per kWh,Apr-14,01/04/2014,01/04/2014,,2014,,2,10,2014-2,0.225,,,,2.23689166,Boling the Kettle
,,10,Electricity - Pence per kWh,Jul-14,01/07/2014,01/07/2014,,2014,,3,10,2014-3,0.225,,,,2.21545451,Boling the Kettle
,,10,Electricity - Pence per kWh,Oct-14,01/10/2014,01/10/2014,,2014,,4,10,2014-4,0.225,,,,2.291158354,Boling the Kettle
,,10,Electricity - Pence per kWh,Jan-15,01/01/2015,01/01/2015,,2015,,1,10,2015-1,0.225,,,,2.328967217,Boling the Kettle
,,10,Electricity - Pence per kWh,Apr-15,01/04/2015,01/04/2015,,2015,,2,10,2015-2,0.225,,,,2.291122858,Boling the Kettle
,,10,Electricity - Pence per kWh,Jul-15,01/07/2015,01/07/2015,,2015,,3,10,2015-3,0.225,,,,2.285340297,Boling the Kettle
,,10,Electricity - Pence per kWh,Oct-15,01/10/2015,01/10/2015,,2015,,4,10,2015-4,0.225,,,,2.304827937,Boling the Kettle
,,10,Electricity - Pence per kWh,Jan-16,01/01/2016,01/01/2016,,2016,,1,10,2016-1,0.225,,,,2.289017879,Boling the Kettle
,,10,Electricity - Pence per kWh,Apr-16,01/04/2016,01/04/2016,,2016,,2,10,2016-2,0.225,,,,2.232108855,Boling the Kettle
,,10,Electricity - Pence per kWh,Jul-16,01/07/2016,01/07/2016,,2016,,3,10,2016-3,0.225,,,,2.24780152,Boling the Kettle
,,10,Electricity - Pence per kWh,Oct-16,01/10/2016,01/10/2016,,2016,,4,10,2016-4,0.225,,,,2.345803837,Boling the Kettle
,,11,Electricity - Pence per kWh,Jan-17,01/01/2017,01/01/2017,,2017,,1,11,2017-1,0.225,,,,2.372659797,Boling the Kettle
,,10,Electricity - Pence per kWh,Apr-17,01/04/2017,01/04/2017,,2017,,2,10,2017-2,0.225,,,,2.336050061,Boling the Kettle
,,10,Electricity - Pence per kWh,Jul-17,01/07/2017,01/07/2017,,2017,,3,10,2017-3,0.225,,,,2.335527323,Boling the Kettle
,,11,Electricity - Pence per kWh,Oct-17,01/10/2017,01/10/2017,,2017,,4,11,2017-4,0.225,,,,2.450677255,Boling the Kettle
,,11,Electricity - Pence per kWh,Jan-18,01/01/2018,01/01/2018,,2018,,1,11,2018-1,0.225,,,,2.489375788,Boling the Kettle
,,11,Electricity - Pence per kWh,Apr-18,01/04/2018,01/04/2018,,2018,,2,11,2018-2,0.225,,,,2.501491171,Boling the Kettle
,,11,Electricity - Pence per kWh,Jul-18,01/07/2018,01/07/2018,,2018,,3,11,2018-3,0.225,,,,2.553226847,Boling the Kettle
,,12,Electricity - Pence per kWh,Oct-18,01/10/2018,01/10/2018,,2018,,4,12,2018-4,0.225,,,,2.686307403,Boling the Kettle
,,12,Electricity - Pence per kWh,Jan-19,01/01/2019,01/01/2019,,2019,,1,12,2019-1,0.225,,,,2.793425476,Boling the Kettle
,,12,Electricity - Pence per kWh,Apr-19,01/04/2019,01/04/2019,,2019,,2,12,2019-2,0.225,,,,2.611992846,Boling the Kettle
,,12,Electricity - Pence per kWh,Jul-19,01/07/2019,01/07/2019,,2019,,3,12,2019-3,0.225,,,,2.628378439,Boling the Kettle
,,13,Electricity - Pence per kWh,Oct-19,01/10/2019,01/10/2019,,2019,,4,13,2019-4,0.225,,,,2.98104484,Boling the Kettle
,,14,Electricity - Pence per kWh,Jan-20,01/01/2020,01/01/2020,,2020,,1,14,2020-1,0.225,,,,3.072713192,Boling the Kettle
,,13,Electricity - Pence per kWh,Apr-20,01/04/2020,01/04/2020,,2020,,2,13,2020-2,0.225,,,,2.857487343,Boling the Kettle
,,12,Electricity - Pence per kWh,Jul-20,01/07/2020,01/07/2020,,2020,,3,12,2020-3,0.225,,,,2.748931278,Boling the Kettle
,,14,Electricity - Pence per kWh,Oct-20,01/10/2020,01/10/2020,,2020,,4,14,2020-4,0.225,,,,3.052020786,Boling the Kettle
,,14,Electricity - Pence per kWh,Jan-21,01/01/2021,01/01/2021,,2021,,1,14,2021-1,0.225,,,,3.171124879,Boling the Kettle
,,13,Electricity - Pence per kWh,Apr-21,01/04/2021,01/04/2021,,2021,,2,13,2021-2,0.225,,,,2.896058649,Boling the Kettle
,,13,Electricity - Pence per kWh,Jul-21,01/07/2021,01/07/2021,,2021,,3,13,2021-3,0.225,,,,2.975426714,Boling the Kettle
,,17,Electricity - Pence per kWh,Oct-21,01/10/2021,01/10/2021,,2021,,4,17,2021-4,0.225,,,,3.833205078,Boling the Kettle
,,18,Electricity - Pence per kWh,Jan-22,01/01/2022,01/01/2022,,2022,,1,18,2022-1,0.225,,,,4.0815,Boling the Kettle
,,19,Electricity - Pence per kWh,Apr-22,01/04/2022,01/04/2022,,2022,,2,19,2022-2,0.225,,,,4.193102039,Boling the Kettle
200401,211710,1,MILK SEMI-PER 2 PINTS/1.136 L,Jan-04,01/01/2004,01/01/2004,107904,2004,1,1,,2004-1,,0.01,,,0.556151474,Splash of Milk
200402,211710,1,MILK SEMI-PER 2 PINTS/1.136 L,Feb-04,01/02/2004,01/02/2004,103439,2004,2,1,,2004-2,,0.01,,,0.561924153,Splash of Milk
200403,211710,1,MILK SEMI-PER 2 PINTS/1.136 L,Mar-04,01/03/2004,01/03/2004,105011,2004,3,1,,2004-3,,0.01,,,0.558482457,Splash of Milk
200404,211710,1,MILK SEMI-PER 2 PINTS/1.136 L,Apr-04,01/04/2004,01/04/2004,105509,2004,4,2,,2004-4,,0.01,,,0.556338001,Splash of Milk
200405,211710,1,MILK SEMI-PER 2 PINTS/1.136 L,May-04,01/05/2004,01/05/2004,107319,2004,5,2,,2004-5,,0.01,,,0.561053799,Splash of Milk
200406,211710,1,MILK SEMI-PER 2 PINTS/1.136 L,Jun-04,01/06/2004,01/06/2004,107774,2004,6,2,,2004-6,,0.01,,,0.555669758,Splash of Milk
200407,211710,1,MILK SEMI-PER 2 PINTS/1.136 L,Jul-04,01/07/2004,01/07/2004,106865,2004,7,3,,2004-7,,0.01,,,0.560962608,Splash of Milk
200408,211710,1,MILK SEMI-PER 2 PINTS/1.136 L,Aug-04,01/08/2004,01/08/2004,105050,2004,8,3,,2004-8,,0.01,,,0.55967051,Splash of Milk
200409,211710,1,MILK SEMI-PER 2 PINTS/1.136 L,Sep-04,01/09/2004,01/09/2004,104170,2004,9,3,,2004-9,,0.01,,,0.560828708,Splash of Milk
200410,211710,1,MILK SEMI-PER 2 PINTS/1.136 L,Oct-04,01/10/2004,01/10/2004,105471,2004,10,4,,2004-10,,0.01,,,0.557972827,Splash of Milk
200411,211710,1,MILK SEMI-PER 2 PINTS/1.136 L,Nov-04,01/11/2004,01/11/2004,106502,2004,11,4,,2004-11,,0.01,,,0.559197398,Splash of Milk
200412,211710,1,MILK SEMI-PER 2 PINTS/1.136 L,Dec-04,01/12/2004,01/12/2004,106782,2004,12,4,,2004-12,,0.01,,,0.555685498,Splash of Milk
200501,211710,1,MILK SEMI-PER 2 PINTS/1.136 L,Jan-05,01/01/2005,01/01/2005,103613,2005,1,1,,2005-1,,0.01,,,0.55620069,Splash of Milk
200502,211710,1,MILK SEMI-PER 2 PINTS/1.136 L,Feb-05,01/02/2005,01/02/2005,108851,2005,2,1,,2005-2,,0.01,,,0.556598824,Splash of Milk
200503,211710,1,MILK SEMI-PER 2 PINTS/1.136 L,Mar-05,01/03/2005,01/03/2005,109174,2005,3,1,,2005-3,,0.01,,,0.57993483,Splash of Milk
200504,211710,1,MILK SEMI-PER 2 PINTS/1.136 L,Apr-05,01/04/2005,01/04/2005,112133,2005,4,2,,2005-4,,0.01,,,0.58130028,Splash of Milk
200505,211710,1,MILK SEMI-PER 2 PINTS/1.136 L,May-05,01/05/2005,01/05/2005,111815,2005,5,2,,2005-5,,0.01,,,0.529540886,Splash of Milk
200506,211710,1,MILK SEMI-PER 2 PINTS/1.136 L,Jun-05,01/06/2005,01/06/2005,114133,2005,6,2,,2005-6,,0.01,,,0.585110307,Splash of Milk
200507,211710,1,MILK SEMI-PER 2 PINTS/1.136 L,Jul-05,01/07/2005,01/07/2005,112702,2005,7,3,,2005-7,,0.01,,,0.586689148,Splash of Milk
200508,211710,1,MILK SEMI-PER 2 PINTS/1.136 L,Aug-05,01/08/2005,01/08/2005,111794,2005,8,3,,2005-8,,0.01,,,0.581551815,Splash of Milk
200509,211710,1,MILK SEMI-PER 2 PINTS/1.136 L,Sep-05,01/09/2005,01/09/2005,111426,2005,9,3,,2005-9,,0.01,,,0.581302588,Splash of Milk
200510,211710,1,MILK SEMI-PER 2 PINTS/1.136 L,Oct-05,01/10/2005,01/10/2005,108500,2005,10,4,,2005-10,,0.01,,,0.585132187,Splash of Milk
200511,211710,1,MILK SEMI-PER 2 PINTS/1.136 L,Nov-05,01/11/2005,01/11/2005,104534,2005,11,4,,2005-11,,0.01,,,0.584869527,Splash of Milk
200512,211710,1,MILK SEMI-PER 2 PINTS/1.136 L,Dec-05,01/12/2005,01/12/2005,109077,2005,12,4,,2005-12,,0.01,,,0.577901713,Splash of Milk
200601,211710,1,MILK SEMI-PER 2 PINTS/1.136 L,Jan-06,01/01/2006,01/01/2006,104610,2006,1,1,,2006-01,,0.01,,,0.582527999,Splash of Milk
200602,211710,1,MILK SEMI-PER 2 PINTS/1.136 L,Feb-06,01/02/2006,01/02/2006,100465,2006,2,1,,2006-02,,0.01,,,0.598400202,Splash of Milk
200603,211710,1,MILK SEMI-PER 2 PINTS/1.136 L,Mar-06,01/03/2006,01/03/2006,103882,2006,3,1,,2006-03,,0.01,,,0.562177,Splash of Milk
200604,211710,1,MILK SEMI-PER 2 PINTS/1.136 L,Apr-06,01/04/2006,01/04/2006,107567,2006,4,2,,2006-04,,0.01,,,0.54810107,Splash of Milk
200605,211710,1,MILK SEMI-PER 2 PINTS/1.136 L,May-06,01/05/2006,01/05/2006,109228,2006,5,2,,2006-05,,0.01,,,0.543938084,Splash of Milk
200606,211710,1,MILK SEMI-PER 2 PINTS/1.136 L,Jun-06,01/06/2006,01/06/2006,110194,2006,6,2,,2006-06,,0.01,,,0.562698384,Splash of Milk
200607,211710,1,MILK SEMI-PER 2 PINTS/1.136 L,Jul-06,01/07/2006,01/07/2006,107021,2006,7,3,,2006-07,,0.01,,,0.601586951,Splash of Milk
200608,211710,1,MILK SEMI-PER 2 PINTS/1.136 L,Aug-06,01/08/2006,01/08/2006,105147,2006,8,3,,2006-08,,0.01,,,0.602435006,Splash of Milk
200609,211710,1,MILK SEMI-PER 2 PINTS/1.136 L,Sep-06,01/09/2006,01/09/2006,105598,2006,9,3,,2006-09,,0.01,,,0.602274976,Splash of Milk
200610,211710,1,MILK SEMI-PER 2 PINTS/1.136 L,Oct-06,01/10/2006,01/10/2006,106345,2006,10,4,,2006-10,,0.01,,,0.606588495,Splash of Milk
200611,211710,1,MILK SEMI-PER 2 PINTS/1.136 L,Nov-06,01/11/2006,01/11/2006,107067,2006,11,4,,2006-11,,0.01,,,0.600364794,Splash of Milk
200612,211710,1,MILK SEMI-PER 2 PINTS/1.136 L,Dec-06,01/12/2006,01/12/2006,107974,2006,12,4,,2006-12,,0.01,,,0.602615709,Splash of Milk
200701,211710,1,MILK SEMI-PER 2 PINTS/1.136 L,Jan-07,01/01/2007,01/01/2007,94734,2007,1,1,,2007-01,,0.01,,,0.607952266,Splash of Milk
200702,211710,1,MILK SEMI-PER 2 PINTS/1.136 L,Feb-07,01/02/2007,01/02/2007,94993,2007,2,1,,2007-02,,0.01,,,0.603326872,Splash of Milk
200703,211710,1,MILK SEMI-PER 2 PINTS/1.136 L,Mar-07,01/03/2007,01/03/2007,99770,2007,3,1,,2007-03,,0.01,,,0.616016312,Splash of Milk
200704,211710,1,MILK SEMI-PER 2 PINTS/1.136 L,Apr-07,01/04/2007,01/04/2007,101168,2007,4,2,,2007-04,,0.01,,,0.620292946,Splash of Milk
200705,211710,1,MILK SEMI-PER 2 PINTS/1.136 L,May-07,01/05/2007,01/05/2007,102992,2007,5,2,,2007-05,,0.01,,,0.620811076,Splash of Milk
200706,211710,1,MILK SEMI-PER 2 PINTS/1.136 L,Jun-07,01/06/2007,01/06/2007,104456,2007,6,2,,2007-06,,0.01,,,0.621004424,Splash of Milk
200707,211710,1,MILK SEMI-PER 2 PINTS/1.136 L,Jul-07,01/07/2007,01/07/2007,103584,2007,7,3,,2007-07,,0.01,,,0.620136903,Splash of Milk
200708,211710,1,MILK SEMI-PER 2 PINTS/1.136 L,Aug-07,01/08/2007,01/08/2007,103198,2007,8,3,,2007-08,,0.01,,,0.623176583,Splash of Milk
200709,211710,1,MILK SEMI-PER 2 PINTS/1.136 L,Sep-07,01/09/2007,01/09/2007,103769,2007,9,3,,2007-09,,0.01,,,0.693253701,Splash of Milk
200710,211710,1,MILK SEMI-PER 2 PINTS/1.136 L,Oct-07,01/10/2007,01/10/2007,105114,2007,10,4,,2007-10,,0.01,,,0.696206334,Splash of Milk
200711,211710,1,MILK SEMI-PER 2 PINTS/1.136 L,Nov-07,01/11/2007,01/11/2007,107436,2007,11,4,,2007-11,,0.01,,,0.700218524,Splash of Milk
200712,211710,1,MILK SEMI-PER 2 PINTS/1.136 L,Dec-07,01/12/2007,01/12/2007,107286,2007,12,4,,2007-12,,0.01,,,0.701150372,Splash of Milk
200801,211710,1,MILK SEMI-PER 2 PINTS/1.136 L,Jan-08,01/01/2008,01/01/2008,102691,2008,1,1,,2008-01,,0.01,,,0.699467065,Splash of Milk
200802,211710,1,MILK SEMI-PER 2 PINTS/1.136 L,Feb-08,01/02/2008,01/02/2008,100511,2008,2,1,,2008-02,,0.01,,,0.696636736,Splash of Milk
200803,211710,1,MILK SEMI-PER 2 PINTS/1.136 L,Mar-08,01/03/2008,01/03/2008,105118,2008,3,1,,2008-03,,0.01,,,0.693649736,Splash of Milk
200804,211710,1,MILK SEMI-PER 2 PINTS/1.136 L,Apr-08,01/04/2008,01/04/2008,99887,2008,4,2,,2008-04,,0.01,,,0.69240785,Splash of Milk
200805,211710,1,MILK SEMI-PER 2 PINTS/1.136 L,May-08,01/05/2008,01/05/2008,100583,2008,5,2,,2008-05,,0.01,,,0.692529315,Splash of Milk
200806,211710,1,MILK SEMI-PER 2 PINTS/1.136 L,Jun-08,01/06/2008,01/06/2008,101446,2008,6,2,,2008-06,,0.01,,,0.723053609,Splash of Milk
200807,211710,1,MILK SEMI-PER 2 PINTS/1.136 L,Jul-08,01/07/2008,01/07/2008,102214,2008,7,3,,2008-07,,0.01,,,0.720292015,Splash of Milk
200808,211710,1,MILK SEMI-PER 2 PINTS/1.136 L,Aug-08,01/08/2008,01/08/2008,102314,2008,8,3,,2008-08,,0.01,,,0.723876741,Splash of Milk
200809,211710,1,MILK SEMI-PER 2 PINTS/1.136 L,Sep-08,01/09/2008,01/09/2008,102828,2008,9,3,,2008-09,,0.01,,,0.722855959,Splash of Milk
200810,211710,1,MILK SEMI-PER 2 PINTS/1.136 L,Oct-08,01/10/2008,01/10/2008,103994,2008,10,4,,2008-10,,0.01,,,0.76307157,Splash of Milk
200811,211710,1,MILK SEMI-PER 2 PINTS/1.136 L,Nov-08,01/11/2008,01/11/2008,104756,2008,11,4,,2008-11,,0.01,,,0.767521823,Splash of Milk
200812,211710,1,MILK SEMI-PER 2 PINTS/1.136 L,Dec-08,01/12/2008,01/12/2008,101854,2008,12,4,,2008-12,,0.01,,,0.766558809,Splash of Milk
200901,211710,1,MILK SEMI-PER 2 PINTS/1.136 L,Jan-09,01/01/2009,01/01/2009,98184,2009,1,1,,2009-01,,0.01,,,0.766024728,Splash of Milk
200902,211710,1,MILK SEMI-PER 2 PINTS/1.136 L,Feb-09,01/02/2009,01/02/2009,91764,2009,2,1,,2009-02,,0.01,,,0.766029765,Splash of Milk
200903,211710,1,MILK SEMI-PER 2 PINTS/1.136 L,Mar-09,01/03/2009,01/03/2009,97144,2009,3,1,,2009-03,,0.01,,,0.766700894,Splash of Milk
200904,211710,1,MILK SEMI-PER 2 PINTS/1.136 L,Apr-09,01/04/2009,01/04/2009,99211,2009,4,2,,2009-04,,0.01,,,0.766706876,Splash of Milk
200905,211710,1,MILK SEMI-PER 2 PINTS/1.136 L,May-09,01/05/2009,01/05/2009,100141,2009,5,2,,2009-05,,0.01,,,0.765411157,Splash of Milk
200906,211710,1,MILK SEMI-PER 2 PINTS/1.136 L,Jun-09,01/06/2009,01/06/2009,99984,2009,6,2,,2009-06,,0.01,,,0.765291056,Splash of Milk
200907,211710,1,MILK SEMI-PER 2 PINTS/1.136 L,Jul-09,01/07/2009,01/07/2009,100430,2009,7,3,,2009-07,,0.01,,,0.766093043,Splash of Milk
200908,211710,1,MILK SEMI-PER 2 PINTS/1.136 L,Aug-09,01/08/2009,01/08/2009,101010,2009,8,3,,2009-08,,0.01,,,0.767189957,Splash of Milk
200909,211710,1,MILK SEMI-PER 2 PINTS/1.136 L,Sep-09,01/09/2009,01/09/2009,102020,2009,9,3,,2009-09,,0.01,,,0.766391486,Splash of Milk
200910,211710,1,MILK SEMI-PER 2 PINTS/1.136 L,Oct-09,01/10/2009,01/10/2009,102962,2009,10,4,,2009-10,,0.01,,,0.76229949,Splash of Milk
200911,211710,1,MILK SEMI-PER 2 PINTS/1.136 L,Nov-09,01/11/2009,01/11/2009,104223,2009,11,4,,2009-11,,0.01,,,0.762336271,Splash of Milk
200912,211710,1,MILK SEMI-PER 2 PINTS/1.136 L,Dec-09,01/12/2009,01/12/2009,105319,2009,12,4,,2009-12,,0.01,,,0.76229949,Splash of Milk
201001,211710,1,MILK SEMI-PER 2 PINTS/1.136 L,Jan-10,01/01/2010,01/01/2010,101545,2010,1,1,,2010-01,,0.01,,,0.764461785,Splash of Milk
201002,211710,1,MILK SEMI-PER 2 PINTS/1.136 L,Feb-10,01/02/2010,01/02/2010,97889,2010,2,1,,2010-02,,0.01,,,0.759005494,Splash of Milk
201003,211710,1,MILK SEMI-PER 2 PINTS/1.136 L,Mar-10,01/03/2010,01/03/2010,102189,2010,3,1,,2010-03,,0.01,,,0.760961324,Splash of Milk
201004,211710,1,MILK SEMI-PER 2 PINTS/1.136 L,Apr-10,01/04/2010,01/04/2010,104566,2010,4,2,,2010-04,,0.01,,,0.758681394,Splash of Milk
201005,211710,1,MILK SEMI-PER 2 PINTS/1.136 L,May-10,01/05/2010,01/05/2010,105655,2010,5,2,,2010-05,,0.01,,,0.763113178,Splash of Milk
201006,211710,1,MILK SEMI-PER 2 PINTS/1.136 L,Jun-10,01/06/2010,01/06/2010,106532,2010,6,2,,2010-06,,0.01,,,0.75913525,Splash of Milk
201007,211710,1,MILK SEMI-PER 2 PINTS/1.136 L,Jul-10,01/07/2010,01/07/2010,107229,2010,7,3,,2010-07,,0.01,,,0.760141865,Splash of Milk
201008,211710,1,MILK SEMI-PER 2 PINTS/1.136 L,Aug-10,01/08/2010,01/08/2010,108091,2010,8,3,,2010-08,,0.01,,,0.759409924,Splash of Milk
201009,211710,1,MILK SEMI-PER 2 PINTS/1.136 L,Sep-10,01/09/2010,01/09/2010,108500,2010,9,3,,2010-09,,0.01,,,0.762723491,Splash of Milk
201010,211710,1,MILK SEMI-PER 2 PINTS/1.136 L,Oct-10,01/10/2010,01/10/2010,109466,2010,10,4,,2010-10,,0.01,,,0.76144367,Splash of Milk
201011,211710,1,MILK SEMI-PER 2 PINTS/1.136 L,Nov-10,01/11/2010,01/11/2010,109784,2010,11,4,,2010-11,,0.01,,,0.760797306,Splash of Milk
201012,211710,1,MILK SEMI-PER 2 PINTS/1.136 L,Dec-10,01/12/2010,01/12/2010,110303,2010,12,4,,2010-12,,0.01,,,0.762106877,Splash of Milk
201101,211710,1,MILK SEMI-PER 2 PINTS/1.136 L,Jan-11,01/01/2011,01/01/2011,107592,2011,1,1,,2011-01,,0.01,,,0.763090459,Splash of Milk
201102,211710,1,MILK SEMI-PER 2 PINTS/1.136 L,Feb-11,01/02/2011,01/02/2011,107243,2011,2,1,,2011-02,,0.01,,,0.761688175,Splash of Milk
201103,211710,1,MILK SEMI-PER 2 PINTS/1.136 L,Mar-11,01/03/2011,01/03/2011,111703,2011,3,1,,2011-03,,0.01,,,0.761231171,Splash of Milk
201104,211710,1,MILK SEMI-PER 2 PINTS/1.136 L,Apr-11,01/04/2011,01/04/2011,110135,2011,4,2,,2011-04,,0.01,,,0.761323097,Splash of Milk
201105,211710,1,MILK SEMI-PER 2 PINTS/1.136 L,May-11,01/05/2011,01/05/2011,110905,2011,5,2,,2011-05,,0.01,,,0.781603945,Splash of Milk
201106,211710,1,MILK SEMI-PER 2 PINTS/1.136 L,Jun-11,01/06/2011,01/06/2011,110923,2011,6,2,,2011-06,,0.01,,,0.783693518,Splash of Milk
201107,211710,1,MILK SEMI-PER 2 PINTS/1.136 L,Jul-11,01/07/2011,01/07/2011,110938,2011,7,3,,2011-07,,0.01,,,0.786486174,Splash of Milk
201108,211710,1,MILK SEMI-PER 2 PINTS/1.136 L,Aug-11,01/08/2011,01/08/2011,111624,2011,8,3,,2011-08,,0.01,,,0.785259504,Splash of Milk
201109,211710,1,MILK SEMI-PER 2 PINTS/1.136 L,Sep-11,01/09/2011,01/09/2011,112468,2011,9,3,,2011-09,,0.01,,,0.784348959,Splash of Milk
201110,211710,1,MILK SEMI-PER 2 PINTS/1.136 L,Oct-11,01/10/2011,01/10/2011,112689,2011,10,4,,2011-10,,0.01,,,0.787093239,Splash of Milk
201111,211710,1,MILK SEMI-PER 2 PINTS/1.136 L,Nov-11,01/11/2011,01/11/2011,112558,2011,11,4,,2011-11,,0.01,,,0.788252224,Splash of Milk
201112,211710,1,MILK SEMI-PER 2 PINTS/1.136 L,Dec-11,01/12/2011,01/12/2011,113770,2011,12,4,,2011-12,,0.01,,,0.788368127,Splash of Milk
201201,211710,1,MILK SEMI-PER 2 PINTS/1.136 L,Jan-12,01/01/2012,01/01/2012,112915,2012,1,1,,2012-01,,0.01,,,0.786486174,Splash of Milk
201202,211710,1,MILK SEMI-PER 2 PINTS/1.136 L,Feb-12,01/02/2012,01/02/2012,109908,2012,2,1,,2012-02,,0.01,,,0.787440478,Splash of Milk
201203,211710,1,MILK SEMI-PER 2 PINTS/1.136 L,Mar-12,01/03/2012,01/03/2012,112591,2012,3,1,,2012-03,,0.01,,,0.786651713,Splash of Milk
201204,211710,1,MILK SEMI-PER 2 PINTS/1.136 L,Apr-12,01/04/2012,01/04/2012,111722,2012,4,2,,2012-04,,0.01,,,0.785773646,Splash of Milk
201205,211710,1,MILK SEMI-PER 2 PINTS/1.136 L,May-12,01/05/2012,01/05/2012,112977,2012,5,2,,2012-05,,0.01,,,0.78506752,Splash of Milk
201206,211710,1,MILK SEMI-PER 2 PINTS/1.136 L,Jun-12,01/06/2012,01/06/2012,113464,2012,6,2,,2012-06,,0.01,,,0.783630345,Splash of Milk
201207,211710,1,MILK SEMI-PER 2 PINTS/1.136 L,Jul-12,01/07/2012,01/07/2012,112979,2012,7,3,,2012-07,,0.01,,,0.783330905,Splash of Milk
201208,211710,1,MILK SEMI-PER 2 PINTS/1.136 L,Aug-12,01/08/2012,01/08/2012,113779,2012,8,3,,2012-08,,0.01,,,0.784294811,Splash of Milk
201209,211710,1,MILK SEMI-PER 2 PINTS/1.136 L,Sep-12,01/09/2012,01/09/2012,113529,2012,9,3,,2012-09,,0.01,,,0.784947786,Splash of Milk
201210,211710,1,MILK SEMI-PER 2 PINTS/1.136 L,Oct-12,01/10/2012,01/10/2012,113193,2012,10,4,,2012-10,,0.01,,,0.785913004,Splash of Milk
201211,211710,1,MILK SEMI-PER 2 PINTS/1.136 L,Nov-12,01/11/2012,01/11/2012,112322,2012,11,4,,2012-11,,0.01,,,0.78582984,Splash of Milk
201212,211710,1,MILK SEMI-PER 2 PINTS/1.136 L,Dec-12,01/12/2012,01/12/2012,112522,2012,12,4,,2012-12,,0.01,,,0.78592271,Splash of Milk
201301,211710,1,MILK SEMI-PER 2 PINTS/1.136 L,Jan-13,01/01/2013,01/01/2013,112470,2013,1,1,,2013-01,,0.01,,,0.78536696,Splash of Milk
201302,211710,1,MILK SEMI-PER 2 PINTS/1.136 L,Feb-13,01/02/2013,01/02/2013,108915,2013,2,1,,2013-02,,0.01,,,0.794135506,Splash of Milk
201303,211710,1,MILK SEMI-PER 2 PINTS/1.136 L,Mar-13,01/03/2013,01/03/2013,112073,2013,3,1,,2013-03,,0.01,,,0.792669841,Splash of Milk
201304,211710,1,MILK SEMI-PER 2 PINTS/1.136 L,Apr-13,01/04/2013,01/04/2013,111932,2013,4,2,,2013-04,,0.01,,,0.793037333,Splash of Milk
201305,211710,1,MILK SEMI-PER 2 PINTS/1.136 L,May-13,01/05/2013,01/05/2013,112460,2013,5,2,,2013-05,,0.01,,,0.789962342,Splash of Milk
201306,211710,1,MILK SEMI-PER 2 PINTS/1.136 L,Jun-13,01/06/2013,01/06/2013,113182,2013,6,2,,2013-06,,0.01,,,0.791894193,Splash of Milk
201307,211710,1,MILK SEMI-PER 2 PINTS/1.136 L,Jul-13,01/07/2013,01/07/2013,110722,2013,7,3,,2013-07,,0.01,,,0.791228521,Splash of Milk
201308,211710,1,MILK SEMI-PER 2 PINTS/1.136 L,Aug-13,01/08/2013,01/08/2013,111818,2013,8,3,,2013-08,,0.01,,,0.791083916,Splash of Milk
201309,211710,1,MILK SEMI-PER 2 PINTS/1.136 L,Sep-13,01/09/2013,01/09/2013,111942,2013,9,3,,2013-09,,0.01,,,0.785307093,Splash of Milk
201310,211710,1,MILK SEMI-PER 2 PINTS/1.136 L,Oct-13,01/10/2013,01/10/2013,112357,2013,10,4,,2013-10,,0.01,,,0.791415152,Splash of Milk
201311,211710,1,MILK SEMI-PER 2 PINTS/1.136 L,Nov-13,01/11/2013,01/11/2013,111887,2013,11,4,,2013-11,,0.01,,,0.79207264,Splash of Milk
201312,211710,1,MILK SEMI-PER 2 PINTS/1.136 L,Dec-13,01/12/2013,01/12/2013,112786,2013,12,4,,2013-12,,0.01,,,0.791288807,Splash of Milk
201401,211710,1,MILK SEMI-PER 2 PINTS/1.136 L,Jan-14,01/01/2014,01/01/2014,113219,2014,1,1,,2014-01,,0.01,,,0.792493021,Splash of Milk
201402,211710,1,MILK SEMI-PER 2 PINTS/1.136 L,Feb-14,01/02/2014,01/02/2014,108434,2014,2,1,,2014-02,,0.01,,,0.793760826,Splash of Milk
201403,211710,1,MILK SEMI-PER 2 PINTS/1.136 L,Mar-14,01/03/2014,01/03/2014,111378,2014,3,1,,2014-03,,0.01,,,0.780755943,Splash of Milk
201404,211710,1,MILK SEMI-PER 2 PINTS/1.136 L,Apr-14,01/04/2014,01/04/2014,110845,2014,4,2,,2014-04,,0.01,,,0.780495907,Splash of Milk
201405,211710,1,MILK SEMI-PER 2 PINTS/1.136 L,May-14,01/05/2014,01/05/2014,111915,2014,5,2,,2014-05,,0.01,,,0.779626025,Splash of Milk
201406,211710,1,MILK SEMI-PER 2 PINTS/1.136 L,Jun-14,01/06/2014,01/06/2014,112673,2014,6,2,,2014-06,,0.01,,,0.779322493,Splash of Milk
201407,211710,1,MILK SEMI-PER 2 PINTS/1.136 L,Jul-14,01/07/2014,01/07/2014,110263,2014,7,3,,2014-07,,0.01,,,0.77273959,Splash of Milk
201408,211710,1,MILK SEMI-PER 2 PINTS/1.136 L,Aug-14,01/08/2014,01/08/2014,111493,2014,8,3,,2014-08,,0.01,,,0.779977462,Splash of Milk
201409,211710,1,MILK SEMI-PER 2 PINTS/1.136 L,Sep-14,01/09/2014,01/09/2014,111704,2014,9,3,,2014-09,,0.01,,,0.787163442,Splash of Milk
201410,211710,1,MILK SEMI-PER 2 PINTS/1.136 L,Oct-14,01/10/2014,01/10/2014,111105,2014,10,4,,2014-10,,0.01,,,0.782540042,Splash of Milk
201411,211710,1,MILK SEMI-PER 2 PINTS/1.136 L,Nov-14,01/11/2014,01/11/2014,111793,2014,11,4,,2014-11,,0.01,,,0.780677187,Splash of Milk
201412,211710,1,MILK SEMI-PER 2 PINTS/1.136 L,Dec-14,01/12/2014,01/12/2014,111959,2014,12,4,,2014-12,,0.01,,,0.770427339,Splash of Milk
201501,211710,1,MILK SEMI-PER 2 PINTS/1.136 L,Jan-15,01/01/2015,01/01/2015,112492,2015,1,1,,2015-01,,0.01,,,0.754474754,Splash of Milk
201502,211710,1,MILK SEMI-PER 2 PINTS/1.136 L,Feb-15,01/02/2015,01/02/2015,110362,2015,2,1,,2015-02,,0.01,,,0.746833449,Splash of Milk
201503,211710,1,MILK SEMI-PER 2 PINTS/1.136 L,Mar-15,01/03/2015,01/03/2015,113759,2015,3,1,,2015-03,,0.01,,,0.757464326,Splash of Milk
201504,211710,1,MILK SEMI-PER 2 PINTS/1.136 L,Apr-15,01/04/2015,01/04/2015,115935,2015,4,2,,2015-04,,0.01,,,0.757987493,Splash of Milk
201505,211710,1,MILK SEMI-PER 2 PINTS/1.136 L,May-15,01/05/2015,01/05/2015,116093,2015,5,2,,2015-05,,0.01,,,0.752523489,Splash of Milk
201506,211710,1,MILK SEMI-PER 2 PINTS/1.136 L,Jun-15,01/06/2015,01/06/2015,116584,2015,6,2,,2015-06,,0.01,,,0.755516419,Splash of Milk
201507,211710,1,MILK SEMI-PER 2 PINTS/1.136 L,Jul-15,01/07/2015,01/07/2015,114886,2015,7,3,,2015-07,,0.01,,,0.735241972,Splash of Milk
201508,211710,1,MILK SEMI-PER 2 PINTS/1.136 L,Aug-15,01/08/2015,01/08/2015,115736,2015,8,3,,2015-08,,0.01,,,0.730154747,Splash of Milk
201509,211710,1,MILK SEMI-PER 2 PINTS/1.136 L,Sep-15,01/09/2015,01/09/2015,115298,2015,9,3,,2015-09,,0.01,,,0.729988264,Splash of Milk
201510,211710,1,MILK SEMI-PER 2 PINTS/1.136 L,Oct-15,01/10/2015,01/10/2015,114195,2015,10,4,,2015-10,,0.01,,,0.728593431,Splash of Milk
201511,211710,1,MILK SEMI-PER 2 PINTS/1.136 L,Nov-15,01/11/2015,01/11/2015,114300,2015,11,4,,2015-11,,0.01,,,0.713801405,Splash of Milk
201512,211710,1,MILK SEMI-PER 2 PINTS/1.136 L,Dec-15,01/12/2015,01/12/2015,114817,2015,12,4,,2015-12,,0.01,,,0.713382651,Splash of Milk
201601,211710,1,MILK SEMI-PER 2 PINTS/1.136 L,Jan-16,01/01/2016,01/01/2016,115217,2016,1,1,,2016-01,,0.01,,,0.712076491,Splash of Milk
201602,211710,1,MILK SEMI-PER 2 PINTS/1.136 L,Feb-16,01/02/2016,01/02/2016,111438,2016,2,1,,2016-02,,0.01,,,0.717279882,Splash of Milk
201603,211710,1,MILK SEMI-PER 2 PINTS/1.136 L,Mar-16,01/03/2016,01/03/2016,114522,2016,3,1,,2016-03,,0.01,,,0.71734211,Splash of Milk
201604,211710,1,MILK SEMI-PER 2 PINTS/1.136 L,Apr-16,01/04/2016,01/04/2016,116360,2016,4,2,,2016-04,,0.01,,,0.717781694,Splash of Milk
201605,211710,1,MILK SEMI-PER 2 PINTS/1.136 L,May-16,01/05/2016,01/05/2016,116741,2016,5,2,,2016-05,,0.01,,,0.727777277,Splash of Milk
201606,211710,1,MILK SEMI-PER 2 PINTS/1.136 L,Jun-16,01/06/2016,01/06/2016,114788,2016,6,2,,2016-06,,0.01,,,0.728286383,Splash of Milk
201607,211710,1,MILK SEMI-PER 2 PINTS/1.136 L,Jul-16,01/07/2016,01/07/2016,115033,2016,7,3,,2016-07,,0.01,,,0.719675191,Splash of Milk
201608,211710,1,MILK SEMI-PER 2 PINTS/1.136 L,Aug-16,01/08/2016,01/08/2016,113719,2016,8,3,,2016-08,,0.01,,,0.726921038,Splash of Milk
201609,211710,1,MILK SEMI-PER 2 PINTS/1.136 L,Sep-16,01/09/2016,01/09/2016,114318,2016,9,3,,2016-09,,0.01,,,0.726589277,Splash of Milk
201610,211710,1,MILK SEMI-PER 2 PINTS/1.136 L,Oct-16,01/10/2016,01/10/2016,114629,2016,10,4,,2016-10,,0.01,,,0.727600405,Splash of Milk
201611,211710,1,MILK SEMI-PER 2 PINTS/1.136 L,Nov-16,01/11/2016,01/11/2016,114503,2016,11,4,,2016-11,,0.01,,,0.72551865,Splash of Milk
201612,211710,1,MILK SEMI-PER 2 PINTS/1.136 L,Dec-16,01/12/2016,01/12/2016,115774,2016,12,4,,2016-12,,0.01,,,0.730574341,Splash of Milk
201701,211710,1,MILK SEMI-PER 2 PINTS/1.136 L,Jan-17,01/01/2017,01/01/2017,115625,2017,1,1,,2017-01,,0.01,,,0.728945602,Splash of Milk
201702,211710,1,MILK SEMI-PER 2 PINTS/1.136 L,Feb-17,01/02/2017,01/02/2017,114063,2017,2,1,,2017-02,,0.01,,,0.72873877,Splash of Milk
201703,211710,1,MILK SEMI-PER 2 PINTS/1.136 L,Mar-17,01/03/2017,01/03/2017,115516,2017,3,1,,2017-03,,0.01,,,0.73283449,Splash of Milk
201704,211710,1,MILK SEMI-PER 2 PINTS/1.136 L,Apr-17,01/04/2017,01/04/2017,116889,2017,4,2,,2017-04,,0.01,,,0.731106428,Splash of Milk
201705,211710,1,MILK SEMI-PER 2 PINTS/1.136 L,May-17,01/05/2017,01/05/2017,117233,2017,5,2,,2017-05,,0.01,,,0.738544416,Splash of Milk
201706,211710,1,MILK SEMI-PER 2 PINTS/1.136 L,Jun-17,01/06/2017,01/06/2017,117390,2017,6,2,,2017-06,,0.01,,,0.738897689,Splash of Milk
201707,211710,1,MILK SEMI-PER 2 PINTS/1.136 L,Jul-17,01/07/2017,01/07/2017,117692,2017,7,3,,2017-07,,0.01,,,0.742670306,Splash of Milk
201708,211710,1,MILK SEMI-PER 2 PINTS/1.136 L,Aug-17,01/08/2017,01/08/2017,117018,2017,8,3,,2017-08,,0.01,,,0.731658768,Splash of Milk
201709,211710,1,MILK SEMI-PER 2 PINTS/1.136 L,Sep-17,01/09/2017,01/09/2017,117013,2017,9,3,,2017-09,,0.01,,,0.735748927,Splash of Milk
201710,211710,1,MILK SEMI-PER 2 PINTS/1.136 L,Oct-17,01/10/2017,01/10/2017,116488,2017,10,4,,2017-10,,0.01,,,0.729307375,Splash of Milk
201711,211710,1,MILK SEMI-PER 2 PINTS/1.136 L,Nov-17,01/11/2017,01/11/2017,116285,2017,11,4,,2017-11,,0.01,,,0.745366314,Splash of Milk
201712,211710,1,MILK SEMI-PER 2 PINTS/1.136 L,Dec-17,01/12/2017,01/12/2017,117146,2017,12,4,,2017-12,,0.01,,,0.754690821,Splash of Milk
201801,211710,1,MILK SEMI-PER 2 PINTS/1.136 L,Jan-18,01/01/2018,01/01/2018,116458,2018,1,1,,2018-01,,0.01,,,0.749726426,Splash of Milk
201802,211710,1,MILK SEMI-PER 2 PINTS/1.136 L,Feb-18,01/02/2018,01/02/2018,122581,2018,2,1,,2018-02,,0.01,,,0.743807674,Splash of Milk
201803,211710,1,MILK SEMI-PER 2 PINTS/1.136 L,Mar-18,01/03/2018,01/03/2018,125211,2018,3,1,,2018-03,,0.01,,,0.746143536,Splash of Milk
201804,211710,1,MILK SEMI-PER 2 PINTS/1.136 L,Apr-18,01/04/2018,01/04/2018,126219,2018,4,2,,2018-04,,0.01,,,0.748178751,Splash of Milk
201805,211710,1,MILK SEMI-PER 2 PINTS/1.136 L,May-18,01/05/2018,01/05/2018,126941,2018,5,2,,2018-05,,0.01,,,0.748532864,Splash of Milk
201806,211710,1,MILK SEMI-PER 2 PINTS/1.136 L,Jun-18,01/06/2018,01/06/2018,126695,2018,6,2,,2018-06,,0.01,,,0.74499006,Splash of Milk
201807,211710,1,MILK SEMI-PER 2 PINTS/1.136 L,Jul-18,01/07/2018,01/07/2018,124520,2018,7,3,,2018-07,,0.01,,,0.748417904,Splash of Milk
201808,211710,1,MILK SEMI-PER 2 PINTS/1.136 L,Aug-18,01/08/2018,01/08/2018,124079,2018,8,3,,2018-08,,0.01,,,0.753169014,Splash of Milk
201809,211710,1,MILK SEMI-PER 2 PINTS/1.136 L,Sep-18,01/09/2018,01/09/2018,124265,2018,9,3,,2018-09,,0.01,,,0.752491168,Splash of Milk
201810,211710,1,MILK SEMI-PER 2 PINTS/1.136 L,Oct-18,01/10/2018,01/10/2018,124191,2018,10,4,,2018-10,,0.01,,,0.751977603,Splash of Milk
201811,211710,1,MILK SEMI-PER 2 PINTS/1.136 L,Nov-18,01/11/2018,01/11/2018,123289,2018,11,4,,2018-11,,0.01,,,0.752700309,Splash of Milk
201812,211710,1,MILK SEMI-PER 2 PINTS/1.136 L,Dec-18,01/12/2018,01/12/2018,125381,2018,12,4,,2018-12,,0.01,,,0.755904479,Splash of Milk
201901,211710,1,MILK SEMI-PER 2 PINTS/1.136 L,Jan-19,01/01/2019,01/01/2019,125531,2019,1,1,,2019-01,,0.01,,,0.757285092,Splash of Milk
201902,211710,1,MILK SEMI-PER 2 PINTS/1.136 L,Feb-19,01/02/2019,01/02/2019,124018,2019,2,1,,2019-02,,0.01,,,0.750086205,Splash of Milk
201903,211710,1,MILK SEMI-PER 2 PINTS/1.136 L,Mar-19,01/03/2019,01/03/2019,127885,2019,3,1,,2019-03,,0.01,,,0.741951692,Splash of Milk
201904,211710,1,MILK SEMI-PER 2 PINTS/1.136 L,Apr-19,01/04/2019,01/04/2019,128853,2019,4,2,,2019-04,,0.01,,,0.742330727,Splash of Milk
201905,211710,1,MILK SEMI-PER 2 PINTS/1.136 L,May-19,01/05/2019,01/05/2019,128682,2019,5,2,,2019-05,,0.01,,,0.743295368,Splash of Milk
201906,211710,1,MILK SEMI-PER 2 PINTS/1.136 L,Jun-19,01/06/2019,01/06/2019,129075,2019,6,2,,2019-06,,0.01,,,0.741440016,Splash of Milk
201907,211710,1,MILK SEMI-PER 2 PINTS/1.136 L,Jul-19,01/07/2019,01/07/2019,128486,2019,7,3,,2019-07,,0.01,,,0.741245409,Splash of Milk
201908,211710,1,MILK SEMI-PER 2 PINTS/1.136 L,Aug-19,01/08/2019,01/08/2019,127479,2019,8,3,,2019-08,,0.01,,,0.742699216,Splash of Milk
201909,211710,1,MILK SEMI-PER 2 PINTS/1.136 L,Sep-19,01/09/2019,01/09/2019,127702,2019,9,3,,2019-09,,0.01,,,0.73843229,Splash of Milk
201910,211710,1,MILK SEMI-PER 2 PINTS/1.136 L,Oct-19,01/10/2019,01/10/2019,127514,2019,10,4,,2019-10,,0.01,,,0.738901309,Splash of Milk
201911,211710,1,MILK SEMI-PER 2 PINTS/1.136 L,Nov-19,01/11/2019,01/11/2019,127910,2019,11,4,,2019-11,,0.01,,,0.738663415,Splash of Milk
201912,211710,1,MILK SEMI-PER 2 PINTS/1.136 L,Dec-19,01/12/2019,01/12/2019,127767,2019,12,4,,2019-12,,0.01,,,0.737354894,Splash of Milk
202001,211710,1,MILK SEMI-PER 2 PINTS/1.136 L,Jan-20,01/01/2020,01/01/2020,127661,2020,1,1,,2020-01,,0.01,,,0.741113345,Splash of Milk
202002,211710,1,MILK SEMI-PER 2 PINTS/1.136 L,Feb-20,01/02/2020,01/02/2020,126570,2020,2,1,,2020-02,,0.01,,,0.741305695,Splash of Milk
202003,211710,1,MILK SEMI-PER 2 PINTS/1.136 L,Mar-20,01/03/2020,01/03/2020,118933,2020,3,1,,2020-03,,0.01,,,0.743613119,Splash of Milk
202004,211710,1,MILK SEMI-PER 2 PINTS/1.136 L,Apr-20,01/04/2020,01/04/2020,74251,2020,4,2,,2020-04,,0.01,,,0.736280908,Splash of Milk
202005,211710,1,MILK SEMI-PER 2 PINTS/1.136 L,May-20,01/05/2020,01/05/2020,85259,2020,5,2,,2020-05,,0.01,,,0.732191222,Splash of Milk
202006,211710,1,MILK SEMI-PER 2 PINTS/1.136 L,Jun-20,01/06/2020,01/06/2020,94010,2020,6,2,,2020-06,,0.01,,,0.73170898,Splash of Milk
202007,211710,1,MILK SEMI-PER 2 PINTS/1.136 L,Jul-20,01/07/2020,01/07/2020,102371,2020,7,3,,2020-07,,0.01,,,0.73137297,Splash of Milk
202008,211710,1,MILK SEMI-PER 2 PINTS/1.136 L,Aug-20,01/08/2020,01/08/2020,112987,2020,8,3,,2020-08,,0.01,,,0.741746591,Splash of Milk
202009,211710,1,MILK SEMI-PER 2 PINTS/1.136 L,Sep-20,01/09/2020,01/09/2020,116062,2020,9,3,,2020-09,,0.01,,,0.745544709,Splash of Milk
202010,211710,1,MILK SEMI-PER 2 PINTS/1.136 L,Oct-20,01/10/2020,01/10/2020,116826,2020,10,4,,2020-10,,0.01,,,0.746175332,Splash of Milk
202011,211710,1,MILK SEMI-PER 2 PINTS/1.136 L,Nov-20,01/11/2020,01/11/2020,82553,2020,11,4,,2020-11,,0.01,,,0.742433304,Splash of Milk
202012,211710,1,MILK SEMI-PER 2 PINTS/1.136 L,Dec-20,01/12/2020,01/12/2020,94790,2020,12,4,,2020-12,,0.01,,,0.742938842,Splash of Milk
202101,211710,1,MILK SEMI-PER 2 PINTS/1.136 L,Jan-21,01/01/2021,01/01/2021,94079,2021,1,1,,2021-01,,0.01,,,0.737351746,Splash of Milk
202102,211710,1,MILK SEMI-PER 2 PINTS/1.136 L,Feb-21,01/02/2021,01/02/2021,98049,2021,2,1,,2021-02,,0.01,,,0.738664465,Splash of Milk
202103,211710,1,MILK SEMI-PER 2 PINTS/1.136 L,Mar-21,01/03/2021,01/03/2021,100972,2021,3,1,,2021-03,,0.01,,,0.737594152,Splash of Milk
202104,211710,1,MILK SEMI-PER 2 PINTS/1.136 L,Apr-21,01/04/2021,01/04/2021,102092,2021,4,2,,2021-04,,0.01,,,0.737594152,Splash of Milk
202105,211710,1,MILK SEMI-PER 2 PINTS/1.136 L,May-21,01/05/2021,01/05/2021,95210,2021,5,2,,2021-05,,0.01,,,0.744082558,Splash of Milk
202106,211710,1,MILK SEMI-PER 2 PINTS/1.136 L,Jun-21,01/06/2021,01/06/2021,109408,2021,6,2,,2021-06,,0.01,,,0.743874414,Splash of Milk
202107,211710,1,MILK SEMI-PER 2 PINTS/1.136 L,Jul-21,01/07/2021,01/07/2021,122056,2021,7,3,,2021-07,,0.01,,,0.743657141,Splash of Milk
202108,211710,1,MILK SEMI-PER 2 PINTS/1.136 L,Aug-21,01/08/2021,01/08/2021,123477,2021,8,3,,2021-08,,0.01,,,0.749023238,Splash of Milk
202109,211710,1,MILK SEMI-PER 2 PINTS/1.136 L,Sep-21,01/09/2021,01/09/2021,122686,2021,9,3,,2021-09,,0.01,,,0.748667341,Splash of Milk
202110,211710,1,MILK SEMI-PER 2 PINTS/1.136 L,Oct-21,01/10/2021,01/10/2021,123103,2021,10,4,,2021-10,,0.01,,,0.753384766,Splash of Milk
202111,211710,1,MILK SEMI-PER 2 PINTS/1.136 L,Nov-21,01/11/2021,01/11/2021,123532,2021,11,4,,2021-11,,0.01,,,0.775801359,Splash of Milk
202112,211710,1,MILK SEMI-PER 2 PINTS/1.136 L,Dec-21,01/12/2021,01/12/2021,123086,2021,12,4,,2021-12,,0.01,,,0.801606497,Splash of Milk
202201,211710,1,MILK SEMI-PER 2 PINTS/1.136 L,Jan-22,01/01/2022,01/01/2022,123655,2022,1,1,,2022-01,,0.01,,,0.808929264,Splash of Milk
202202,211710,1,MILK SEMI-PER 2 PINTS/1.136 L,Feb-22,01/02/2022,01/02/2022,121928,2022,2,1,,2022-02,,0.01,,,0.827126205,Splash of Milk
202203,211710,1,MILK SEMI-PER 2 PINTS/1.136 L,Mar-22,01/03/2022,01/03/2022,125713,2022,3,1,,2022-03,,0.01,,,0.845932205,Splash of Milk
202204,211710,1,MILK SEMI-PER 2 PINTS/1.136 L,Apr-22,01/04/2022,01/04/2022,127157,2022,4,2,,2022-04,,0.01,,,0.864326587,Splash of Milk
202205,211710,1,MILK SEMI-PER 2 PINTS/1.136 L,May-22,01/05/2022,01/05/2022,127155,2022,5,2,,2022-05,,0.01,,,0.891816448,Splash of Milk
202206,211710,1,MILK SEMI-PER 2 PINTS/1.136 L,Jun-22,01/06/2022,01/06/2022,127526,2022,6,2,,2022-06,,0.01,,,0.948457966,Splash of Milk
202207,211710,1,MILK SEMI-PER 2 PINTS/1.136 L,Jul-22,01/07/2022,01/07/2022,127040,2022,7,3,,2022-07,,0.01,,,1.005477259,Splash of Milk
202208,211710,1,MILK SEMI-PER 2 PINTS/1.136 L,Aug-22,01/08/2022,01/08/2022,125392,2022,8,3,,2022-08,,0.01,,,1.063343085,Splash of Milk
202209,211710,1,MILK SEMI-PER 2 PINTS/1.136 L,Sep-22,01/09/2022,01/09/2022,125502,2022,9,3,,2022-09,,0.01,,,1.074129637,Splash of Milk
202210,211710,1,MILK SEMI-PER 2 PINTS/1.136 L,Oct-22,01/10/2022,01/10/2022,125741,2022,10,4,,2022-10,,0.01,,,1.128078032,Splash of Milk
200401,212101,1,SUGAR -GRANULATED-WHITE-PER KG,Jan-04,01/01/2004,01/01/2004,107904,2004,1,1,,2004-1,,,,10,0.740700006,Teaspoon of Sugar
200402,212101,1,SUGAR -GRANULATED-WHITE-PER KG,Feb-04,01/02/2004,01/02/2004,103439,2004,2,1,,2004-2,,,,10,0.763453603,Teaspoon of Sugar
200403,212101,1,SUGAR -GRANULATED-WHITE-PER KG,Mar-04,01/03/2004,01/03/2004,105011,2004,3,1,,2004-3,,,,10,0.759447217,Teaspoon of Sugar
200404,212101,1,SUGAR -GRANULATED-WHITE-PER KG,Apr-04,01/04/2004,01/04/2004,105509,2004,4,2,,2004-4,,,,10,0.758592963,Teaspoon of Sugar
200405,212101,1,SUGAR -GRANULATED-WHITE-PER KG,May-04,01/05/2004,01/05/2004,107319,2004,5,2,,2004-5,,,,10,0.755505025,Teaspoon of Sugar
200406,212101,1,SUGAR -GRANULATED-WHITE-PER KG,Jun-04,01/06/2004,01/06/2004,107774,2004,6,2,,2004-6,,,,10,0.75999999,Teaspoon of Sugar
200407,212101,1,SUGAR -GRANULATED-WHITE-PER KG,Jul-04,01/07/2004,01/07/2004,106865,2004,7,3,,2004-7,,,,10,0.759113312,Teaspoon of Sugar
200408,212101,1,SUGAR -GRANULATED-WHITE-PER KG,Aug-04,01/08/2004,01/08/2004,105050,2004,8,3,,2004-8,,,,10,0.755940616,Teaspoon of Sugar
200409,212101,1,SUGAR -GRANULATED-WHITE-PER KG,Sep-04,01/09/2004,01/09/2004,104170,2004,9,3,,2004-9,,,,10,0.756825387,Teaspoon of Sugar
200410,212101,1,SUGAR -GRANULATED-WHITE-PER KG,Oct-04,01/10/2004,01/10/2004,105471,2004,10,4,,2004-10,,,,10,0.738258719,Teaspoon of Sugar
200411,212101,1,SUGAR -GRANULATED-WHITE-PER KG,Nov-04,01/11/2004,01/11/2004,106502,2004,11,4,,2004-11,,,,10,0.753546774,Teaspoon of Sugar
200412,212101,1,SUGAR -GRANULATED-WHITE-PER KG,Dec-04,01/12/2004,01/12/2004,106782,2004,12,4,,2004-12,,,,10,0.753168344,Teaspoon of Sugar
200501,212101,1,SUGAR -GRANULATED-WHITE-PER KG,Jan-05,01/01/2005,01/01/2005,103613,2005,1,1,,2005-1,,,,10,0.758613884,Teaspoon of Sugar
200502,212101,1,SUGAR -GRANULATED-WHITE-PER KG,Feb-05,01/02/2005,01/02/2005,108851,2005,2,1,,2005-2,,,,10,0.771648943,Teaspoon of Sugar
200503,212101,1,SUGAR -GRANULATED-WHITE-PER KG,Mar-05,01/03/2005,01/03/2005,109174,2005,3,1,,2005-3,,,,10,0.77329731,Teaspoon of Sugar
200504,212101,1,SUGAR -GRANULATED-WHITE-PER KG,Apr-05,01/04/2005,01/04/2005,112133,2005,4,2,,2005-4,,,,10,0.774690747,Teaspoon of Sugar
200505,212101,1,SUGAR -GRANULATED-WHITE-PER KG,May-05,01/05/2005,01/05/2005,111815,2005,5,2,,2005-5,,,,10,0.714134634,Teaspoon of Sugar
200506,212101,1,SUGAR -GRANULATED-WHITE-PER KG,Jun-05,01/06/2005,01/06/2005,114133,2005,6,2,,2005-6,,,,10,0.774307728,Teaspoon of Sugar
200507,212101,1,SUGAR -GRANULATED-WHITE-PER KG,Jul-05,01/07/2005,01/07/2005,112702,2005,7,3,,2005-7,,,,10,0.774352312,Teaspoon of Sugar
200508,212101,1,SUGAR -GRANULATED-WHITE-PER KG,Aug-05,01/08/2005,01/08/2005,111794,2005,8,3,,2005-8,,,,10,0.774793804,Teaspoon of Sugar
200509,212101,1,SUGAR -GRANULATED-WHITE-PER KG,Sep-05,01/09/2005,01/09/2005,111426,2005,9,3,,2005-9,,,,10,0.770206213,Teaspoon of Sugar
200510,212101,1,SUGAR -GRANULATED-WHITE-PER KG,Oct-05,01/10/2005,01/10/2005,108500,2005,10,4,,2005-10,,,,10,0.76865983,Teaspoon of Sugar
200511,212101,1,SUGAR -GRANULATED-WHITE-PER KG,Nov-05,01/11/2005,01/11/2005,104534,2005,11,4,,2005-11,,,,10,0.783514857,Teaspoon of Sugar
200512,212101,1,SUGAR -GRANULATED-WHITE-PER KG,Dec-05,01/12/2005,01/12/2005,109077,2005,12,4,,2005-12,,,,10,0.76696521,Teaspoon of Sugar
200601,212101,1,SUGAR -GRANULATED-WHITE-PER KG,Jan-06,01/01/2006,01/01/2006,104610,2006,1,1,,2006-01,,,,10,0.765369475,Teaspoon of Sugar
200602,212101,1,SUGAR -GRANULATED-WHITE-PER KG,Feb-06,01/02/2006,01/02/2006,100465,2006,2,1,,2006-02,,,,10,0.764682949,Teaspoon of Sugar
200603,212101,1,SUGAR -GRANULATED-WHITE-PER KG,Mar-06,01/03/2006,01/03/2006,103882,2006,3,1,,2006-03,,,,10,0.755265713,Teaspoon of Sugar
200604,212101,1,SUGAR -GRANULATED-WHITE-PER KG,Apr-06,01/04/2006,01/04/2006,107567,2006,4,2,,2006-04,,,,10,0.760820508,Teaspoon of Sugar
200605,212101,1,SUGAR -GRANULATED-WHITE-PER KG,May-06,01/05/2006,01/05/2006,109228,2006,5,2,,2006-05,,,,10,0.777385354,Teaspoon of Sugar
200606,212101,1,SUGAR -GRANULATED-WHITE-PER KG,Jun-06,01/06/2006,01/06/2006,110194,2006,6,2,,2006-06,,,,10,0.777040362,Teaspoon of Sugar
200607,212101,1,SUGAR -GRANULATED-WHITE-PER KG,Jul-06,01/07/2006,01/07/2006,107021,2006,7,3,,2006-07,,,,10,0.778526783,Teaspoon of Sugar
200608,212101,1,SUGAR -GRANULATED-WHITE-PER KG,Aug-06,01/08/2006,01/08/2006,105147,2006,8,3,,2006-08,,,,10,0.778597295,Teaspoon of Sugar
200609,212101,1,SUGAR -GRANULATED-WHITE-PER KG,Sep-06,01/09/2006,01/09/2006,105598,2006,9,3,,2006-09,,,,10,0.78004545,Teaspoon of Sugar
200610,212101,1,SUGAR -GRANULATED-WHITE-PER KG,Oct-06,01/10/2006,01/10/2006,106345,2006,10,4,,2006-10,,,,10,0.777647078,Teaspoon of Sugar
200611,212101,1,SUGAR -GRANULATED-WHITE-PER KG,Nov-06,01/11/2006,01/11/2006,107067,2006,11,4,,2006-11,,,,10,0.778430521,Teaspoon of Sugar
200612,212101,1,SUGAR -GRANULATED-WHITE-PER KG,Dec-06,01/12/2006,01/12/2006,107974,2006,12,4,,2006-12,,,,10,0.77887851,Teaspoon of Sugar
200701,212101,1,SUGAR -GRANULATED-WHITE-PER KG,Jan-07,01/01/2007,01/01/2007,94734,2007,1,1,,2007-01,,,,10,0.791105807,Teaspoon of Sugar
200702,212101,1,SUGAR -GRANULATED-WHITE-PER KG,Feb-07,01/02/2007,01/02/2007,94993,2007,2,1,,2007-02,,,,10,0.807452857,Teaspoon of Sugar
200703,212101,1,SUGAR -GRANULATED-WHITE-PER KG,Mar-07,01/03/2007,01/03/2007,99770,2007,3,1,,2007-03,,,,10,0.796637177,Teaspoon of Sugar
200704,212101,1,SUGAR -GRANULATED-WHITE-PER KG,Apr-07,01/04/2007,01/04/2007,101168,2007,4,2,,2007-04,,,,10,0.797712982,Teaspoon of Sugar
200705,212101,1,SUGAR -GRANULATED-WHITE-PER KG,May-07,01/05/2007,01/05/2007,102992,2007,5,2,,2007-05,,,,10,0.819734514,Teaspoon of Sugar
200706,212101,1,SUGAR -GRANULATED-WHITE-PER KG,Jun-07,01/06/2007,01/06/2007,104456,2007,6,2,,2007-06,,,,10,0.838251114,Teaspoon of Sugar
200707,212101,1,SUGAR -GRANULATED-WHITE-PER KG,Jul-07,01/07/2007,01/07/2007,103584,2007,7,3,,2007-07,,,,10,0.801363647,Teaspoon of Sugar
200708,212101,1,SUGAR -GRANULATED-WHITE-PER KG,Aug-07,01/08/2007,01/08/2007,103198,2007,8,3,,2007-08,,,,10,0.815963328,Teaspoon of Sugar
200709,212101,1,SUGAR -GRANULATED-WHITE-PER KG,Sep-07,01/09/2007,01/09/2007,103769,2007,9,3,,2007-09,,,,10,0.816880763,Teaspoon of Sugar
200710,212101,1,SUGAR -GRANULATED-WHITE-PER KG,Oct-07,01/10/2007,01/10/2007,105114,2007,10,4,,2007-10,,,,10,0.822876096,Teaspoon of Sugar
200711,212101,1,SUGAR -GRANULATED-WHITE-PER KG,Nov-07,01/11/2007,01/11/2007,107436,2007,11,4,,2007-11,,,,10,0.820672631,Teaspoon of Sugar
200712,212101,1,SUGAR -GRANULATED-WHITE-PER KG,Dec-07,01/12/2007,01/12/2007,107286,2007,12,4,,2007-12,,,,10,0.815921068,Teaspoon of Sugar
200801,212101,1,SUGAR -GRANULATED-WHITE-PER KG,Jan-08,01/01/2008,01/01/2008,102691,2008,1,1,,2008-01,,,,10,0.847098231,Teaspoon of Sugar
200802,212101,1,SUGAR -GRANULATED-WHITE-PER KG,Feb-08,01/02/2008,01/02/2008,100511,2008,2,1,,2008-02,,,,10,0.854794562,Teaspoon of Sugar
200803,212101,1,SUGAR -GRANULATED-WHITE-PER KG,Mar-08,01/03/2008,01/03/2008,105118,2008,3,1,,2008-03,,,,10,0.8437168,Teaspoon of Sugar
200804,212101,1,SUGAR -GRANULATED-WHITE-PER KG,Apr-08,01/04/2008,01/04/2008,99887,2008,4,2,,2008-04,,,,10,0.834629655,Teaspoon of Sugar
200805,212101,1,SUGAR -GRANULATED-WHITE-PER KG,May-08,01/05/2008,01/05/2008,100583,2008,5,2,,2008-05,,,,10,0.845720947,Teaspoon of Sugar
200806,212101,1,SUGAR -GRANULATED-WHITE-PER KG,Jun-08,01/06/2008,01/06/2008,101446,2008,6,2,,2008-06,,,,10,0.883944929,Teaspoon of Sugar
200807,212101,1,SUGAR -GRANULATED-WHITE-PER KG,Jul-08,01/07/2008,01/07/2008,102214,2008,7,3,,2008-07,,,,10,0.873150647,Teaspoon of Sugar
200808,212101,1,SUGAR -GRANULATED-WHITE-PER KG,Aug-08,01/08/2008,01/08/2008,102314,2008,8,3,,2008-08,,,,10,0.868082166,Teaspoon of Sugar
200809,212101,1,SUGAR -GRANULATED-WHITE-PER KG,Sep-08,01/09/2008,01/09/2008,102828,2008,9,3,,2008-09,,,,10,0.865199983,Teaspoon of Sugar
200810,212101,1,SUGAR -GRANULATED-WHITE-PER KG,Oct-08,01/10/2008,01/10/2008,103994,2008,10,4,,2008-10,,,,10,0.846622229,Teaspoon of Sugar
200811,212101,1,SUGAR -GRANULATED-WHITE-PER KG,Nov-08,01/11/2008,01/11/2008,104756,2008,11,4,,2008-11,,,,10,0.877072036,Teaspoon of Sugar
200812,212101,1,SUGAR -GRANULATED-WHITE-PER KG,Dec-08,01/12/2008,01/12/2008,101854,2008,12,4,,2008-12,,,,10,0.878141582,Teaspoon of Sugar
200901,212101,1,SUGAR -GRANULATED-WHITE-PER KG,Jan-09,01/01/2009,01/01/2009,98184,2009,1,1,,2009-01,,,,10,0.896559596,Teaspoon of Sugar
200902,212101,1,SUGAR -GRANULATED-WHITE-PER KG,Feb-09,01/02/2009,01/02/2009,91764,2009,2,1,,2009-02,,,,10,0.956195116,Teaspoon of Sugar
200903,212101,1,SUGAR -GRANULATED-WHITE-PER KG,Mar-09,01/03/2009,01/03/2009,97144,2009,3,1,,2009-03,,,,10,0.958385646,Teaspoon of Sugar
200904,212101,1,SUGAR -GRANULATED-WHITE-PER KG,Apr-09,01/04/2009,01/04/2009,99211,2009,4,2,,2009-04,,,,10,0.956383944,Teaspoon of Sugar
200905,212101,1,SUGAR -GRANULATED-WHITE-PER KG,May-09,01/05/2009,01/05/2009,100141,2009,5,2,,2009-05,,,,10,1.002812505,Teaspoon of Sugar
200906,212101,1,SUGAR -GRANULATED-WHITE-PER KG,Jun-09,01/06/2009,01/06/2009,99984,2009,6,2,,2009-06,,,,10,0.954886913,Teaspoon of Sugar
200907,212101,1,SUGAR -GRANULATED-WHITE-PER KG,Jul-09,01/07/2009,01/07/2009,100430,2009,7,3,,2009-07,,,,10,0.961155593,Teaspoon of Sugar
200908,212101,1,SUGAR -GRANULATED-WHITE-PER KG,Aug-09,01/08/2009,01/08/2009,101010,2009,8,3,,2009-08,,,,10,0.957866669,Teaspoon of Sugar
200909,212101,1,SUGAR -GRANULATED-WHITE-PER KG,Sep-09,01/09/2009,01/09/2009,102020,2009,9,3,,2009-09,,,,10,0.95035398,Teaspoon of Sugar
200910,212101,1,SUGAR -GRANULATED-WHITE-PER KG,Oct-09,01/10/2009,01/10/2009,102962,2009,10,4,,2009-10,,,,10,0.950044036,Teaspoon of Sugar
200911,212101,1,SUGAR -GRANULATED-WHITE-PER KG,Nov-09,01/11/2009,01/11/2009,104223,2009,11,4,,2009-11,,,,10,0.954687536,Teaspoon of Sugar
200912,212101,1,SUGAR -GRANULATED-WHITE-PER KG,Dec-09,01/12/2009,01/12/2009,105319,2009,12,4,,2009-12,,,,10,0.979464293,Teaspoon of Sugar
201001,212101,1,SUGAR -GRANULATED-WHITE-PER KG,Jan-10,01/01/2010,01/01/2010,101545,2010,1,1,,2010-01,,,,10,0.999414444,Teaspoon of Sugar
201002,212101,1,SUGAR -GRANULATED-WHITE-PER KG,Feb-10,01/02/2010,01/02/2010,97889,2010,2,1,,2010-02,,,,10,0.98784405,Teaspoon of Sugar
201003,212101,1,SUGAR -GRANULATED-WHITE-PER KG,Mar-10,01/03/2010,01/03/2010,102189,2010,3,1,,2010-03,,,,10,0.976591945,Teaspoon of Sugar
201004,212101,1,SUGAR -GRANULATED-WHITE-PER KG,Apr-10,01/04/2010,01/04/2010,104566,2010,4,2,,2010-04,,,,10,0.974592268,Teaspoon of Sugar
201005,212101,1,SUGAR -GRANULATED-WHITE-PER KG,May-10,01/05/2010,01/05/2010,105655,2010,5,2,,2010-05,,,,10,0.973290026,Teaspoon of Sugar
201006,212101,1,SUGAR -GRANULATED-WHITE-PER KG,Jun-10,01/06/2010,01/06/2010,106532,2010,6,2,,2010-06,,,,10,0.977914929,Teaspoon of Sugar
201007,212101,1,SUGAR -GRANULATED-WHITE-PER KG,Jul-10,01/07/2010,01/07/2010,107229,2010,7,3,,2010-07,,,,10,0.982991457,Teaspoon of Sugar
201008,212101,1,SUGAR -GRANULATED-WHITE-PER KG,Aug-10,01/08/2010,01/08/2010,108091,2010,8,3,,2010-08,,,,10,0.919358969,Teaspoon of Sugar
201009,212101,1,SUGAR -GRANULATED-WHITE-PER KG,Sep-10,01/09/2010,01/09/2010,108500,2010,9,3,,2010-09,,,,10,0.936428607,Teaspoon of Sugar
201010,212101,1,SUGAR -GRANULATED-WHITE-PER KG,Oct-10,01/10/2010,01/10/2010,109466,2010,10,4,,2010-10,,,,10,0.912226915,Teaspoon of Sugar
201011,212101,1,SUGAR -GRANULATED-WHITE-PER KG,Nov-10,01/11/2010,01/11/2010,109784,2010,11,4,,2010-11,,,,10,0.900258601,Teaspoon of Sugar
201012,212101,1,SUGAR -GRANULATED-WHITE-PER KG,Dec-10,01/12/2010,01/12/2010,110303,2010,12,4,,2010-12,,,,10,0.96349138,Teaspoon of Sugar
201101,212101,1,SUGAR -GRANULATED-WHITE-PER KG,Jan-11,01/01/2011,01/01/2011,107592,2011,1,1,,2011-01,,,,10,1.016837597,Teaspoon of Sugar
201102,212101,1,SUGAR -GRANULATED-WHITE-PER KG,Feb-11,01/02/2011,01/02/2011,107243,2011,2,1,,2011-02,,,,10,1.023818135,Teaspoon of Sugar
201103,212101,1,SUGAR -GRANULATED-WHITE-PER KG,Mar-11,01/03/2011,01/03/2011,111703,2011,3,1,,2011-03,,,,10,0.943508804,Teaspoon of Sugar
201104,212101,1,SUGAR -GRANULATED-WHITE-PER KG,Apr-11,01/04/2011,01/04/2011,110135,2011,4,2,,2011-04,,,,10,0.925739944,Teaspoon of Sugar
201105,212101,1,SUGAR -GRANULATED-WHITE-PER KG,May-11,01/05/2011,01/05/2011,110905,2011,5,2,,2011-05,,,,10,1.015316486,Teaspoon of Sugar
201106,212101,1,SUGAR -GRANULATED-WHITE-PER KG,Jun-11,01/06/2011,01/06/2011,110923,2011,6,2,,2011-06,,,,10,1.024743557,Teaspoon of Sugar
201107,212101,1,SUGAR -GRANULATED-WHITE-PER KG,Jul-11,01/07/2011,01/07/2011,110938,2011,7,3,,2011-07,,,,10,1.039071679,Teaspoon of Sugar
201108,212101,1,SUGAR -GRANULATED-WHITE-PER KG,Aug-11,01/08/2011,01/08/2011,111624,2011,8,3,,2011-08,,,,10,1.04184103,Teaspoon of Sugar
201109,212101,1,SUGAR -GRANULATED-WHITE-PER KG,Sep-11,01/09/2011,01/09/2011,112468,2011,9,3,,2011-09,,,,10,1.030982852,Teaspoon of Sugar
201110,212101,1,SUGAR -GRANULATED-WHITE-PER KG,Oct-11,01/10/2011,01/10/2011,112689,2011,10,4,,2011-10,,,,10,1.040720344,Teaspoon of Sugar
201111,212101,1,SUGAR -GRANULATED-WHITE-PER KG,Nov-11,01/11/2011,01/11/2011,112558,2011,11,4,,2011-11,,,,10,1.061265826,Teaspoon of Sugar
201112,212101,1,SUGAR -GRANULATED-WHITE-PER KG,Dec-11,01/12/2011,01/12/2011,113770,2011,12,4,,2011-12,,,,10,1.082911372,Teaspoon of Sugar
201201,212101,1,SUGAR -GRANULATED-WHITE-PER KG,Jan-12,01/01/2012,01/01/2012,112915,2012,1,1,,2012-01,,,,10,1.065087676,Teaspoon of Sugar
201202,212101,1,SUGAR -GRANULATED-WHITE-PER KG,Feb-12,01/02/2012,01/02/2012,109908,2012,2,1,,2012-02,,,,10,1.131100893,Teaspoon of Sugar
201203,212101,1,SUGAR -GRANULATED-WHITE-PER KG,Mar-12,01/03/2012,01/03/2012,112591,2012,3,1,,2012-03,,,,10,1.123234034,Teaspoon of Sugar
201204,212101,1,SUGAR -GRANULATED-WHITE-PER KG,Apr-12,01/04/2012,01/04/2012,111722,2012,4,2,,2012-04,,,,10,1.124291897,Teaspoon of Sugar
201205,212101,1,SUGAR -GRANULATED-WHITE-PER KG,May-12,01/05/2012,01/05/2012,112977,2012,5,2,,2012-05,,,,10,1.121837616,Teaspoon of Sugar
201206,212101,1,SUGAR -GRANULATED-WHITE-PER KG,Jun-12,01/06/2012,01/06/2012,113464,2012,6,2,,2012-06,,,,10,1.118347406,Teaspoon of Sugar
201207,212101,1,SUGAR -GRANULATED-WHITE-PER KG,Jul-12,01/07/2012,01/07/2012,112979,2012,7,3,,2012-07,,,,10,1.102920413,Teaspoon of Sugar
201208,212101,1,SUGAR -GRANULATED-WHITE-PER KG,Aug-12,01/08/2012,01/08/2012,113779,2012,8,3,,2012-08,,,,10,1.076108813,Teaspoon of Sugar
201209,212101,1,SUGAR -GRANULATED-WHITE-PER KG,Sep-12,01/09/2012,01/09/2012,113529,2012,9,3,,2012-09,,,,10,1.073833346,Teaspoon of Sugar
201210,212101,1,SUGAR -GRANULATED-WHITE-PER KG,Oct-12,01/10/2012,01/10/2012,113193,2012,10,4,,2012-10,,,,10,1.07733047,Teaspoon of Sugar
201211,212101,1,SUGAR -GRANULATED-WHITE-PER KG,Nov-12,01/11/2012,01/11/2012,112322,2012,11,4,,2012-11,,,,10,1.065732241,Teaspoon of Sugar
201212,212101,1,SUGAR -GRANULATED-WHITE-PER KG,Dec-12,01/12/2012,01/12/2012,112522,2012,12,4,,2012-12,,,,10,1.091991544,Teaspoon of Sugar
201301,212101,1,SUGAR -GRANULATED-WHITE-PER KG,Jan-13,01/01/2013,01/01/2013,112470,2013,1,1,,2013-01,,,,10,1.069833279,Teaspoon of Sugar
201302,212101,1,SUGAR -GRANULATED-WHITE-PER KG,Feb-13,01/02/2013,01/02/2013,108915,2013,2,1,,2013-02,,,,10,1.091145396,Teaspoon of Sugar
201303,212101,1,SUGAR -GRANULATED-WHITE-PER KG,Mar-13,01/03/2013,01/03/2013,112073,2013,3,1,,2013-03,,,,10,1.067739129,Teaspoon of Sugar
201304,212101,1,SUGAR -GRANULATED-WHITE-PER KG,Apr-13,01/04/2013,01/04/2013,111932,2013,4,2,,2013-04,,,,10,1.080917001,Teaspoon of Sugar
201305,212101,1,SUGAR -GRANULATED-WHITE-PER KG,May-13,01/05/2013,01/05/2013,112460,2013,5,2,,2013-05,,,,10,1.09069562,Teaspoon of Sugar
201306,212101,1,SUGAR -GRANULATED-WHITE-PER KG,Jun-13,01/06/2013,01/06/2013,113182,2013,6,2,,2013-06,,,,10,1.193708301,Teaspoon of Sugar
201307,212101,1,SUGAR -GRANULATED-WHITE-PER KG,Jul-13,01/07/2013,01/07/2013,110722,2013,7,3,,2013-07,,,,10,1.198666692,Teaspoon of Sugar
201308,212101,1,SUGAR -GRANULATED-WHITE-PER KG,Aug-13,01/08/2013,01/08/2013,111818,2013,8,3,,2013-08,,,,10,1.118718982,Teaspoon of Sugar
201309,212101,1,SUGAR -GRANULATED-WHITE-PER KG,Sep-13,01/09/2013,01/09/2013,111942,2013,9,3,,2013-09,,,,10,1.093291163,Teaspoon of Sugar
201310,212101,1,SUGAR -GRANULATED-WHITE-PER KG,Oct-13,01/10/2013,01/10/2013,112357,2013,10,4,,2013-10,,,,10,1.084327698,Teaspoon of Sugar
201311,212101,1,SUGAR -GRANULATED-WHITE-PER KG,Nov-13,01/11/2013,01/11/2013,111887,2013,11,4,,2013-11,,,,10,1.051581383,Teaspoon of Sugar
201312,212101,1,SUGAR -GRANULATED-WHITE-PER KG,Dec-13,01/12/2013,01/12/2013,112786,2013,12,4,,2013-12,,,,10,1.033319473,Teaspoon of Sugar
201401,212101,1,SUGAR -GRANULATED-WHITE-PER KG,Jan-14,01/01/2014,01/01/2014,113219,2014,1,1,,2014-01,,,,10,1.032468677,Teaspoon of Sugar
201402,212101,1,SUGAR -GRANULATED-WHITE-PER KG,Feb-14,01/02/2014,01/02/2014,108434,2014,2,1,,2014-02,,,,10,1.039017916,Teaspoon of Sugar
201403,212101,1,SUGAR -GRANULATED-WHITE-PER KG,Mar-14,01/03/2014,01/03/2014,111378,2014,3,1,,2014-03,,,,10,1.072883725,Teaspoon of Sugar
201404,212101,1,SUGAR -GRANULATED-WHITE-PER KG,Apr-14,01/04/2014,01/04/2014,110845,2014,4,2,,2014-04,,,,10,1.140330553,Teaspoon of Sugar
201405,212101,1,SUGAR -GRANULATED-WHITE-PER KG,May-14,01/05/2014,01/05/2014,111915,2014,5,2,,2014-05,,,,10,0.993418813,Teaspoon of Sugar
201406,212101,1,SUGAR -GRANULATED-WHITE-PER KG,Jun-14,01/06/2014,01/06/2014,112673,2014,6,2,,2014-06,,,,10,0.974388182,Teaspoon of Sugar
201407,212101,1,SUGAR -GRANULATED-WHITE-PER KG,Jul-14,01/07/2014,01/07/2014,110263,2014,7,3,,2014-07,,,,10,0.968801856,Teaspoon of Sugar
201408,212101,1,SUGAR -GRANULATED-WHITE-PER KG,Aug-14,01/08/2014,01/08/2014,111493,2014,8,3,,2014-08,,,,10,0.9551965,Teaspoon of Sugar
201409,212101,1,SUGAR -GRANULATED-WHITE-PER KG,Sep-14,01/09/2014,01/09/2014,111704,2014,9,3,,2014-09,,,,10,0.962246716,Teaspoon of Sugar
201410,212101,1,SUGAR -GRANULATED-WHITE-PER KG,Oct-14,01/10/2014,01/10/2014,111105,2014,10,4,,2014-10,,,,10,0.939354837,Teaspoon of Sugar
201411,212101,1,SUGAR -GRANULATED-WHITE-PER KG,Nov-14,01/11/2014,01/11/2014,111793,2014,11,4,,2014-11,,,,10,0.941069782,Teaspoon of Sugar
201412,212101,1,SUGAR -GRANULATED-WHITE-PER KG,Dec-14,01/12/2014,01/12/2014,111959,2014,12,4,,2014-12,,,,10,0.937725127,Teaspoon of Sugar
201501,212101,1,SUGAR -GRANULATED-WHITE-PER KG,Jan-15,01/01/2015,01/01/2015,112492,2015,1,1,,2015-01,,,,10,0.981330276,Teaspoon of Sugar
201502,212101,1,SUGAR -GRANULATED-WHITE-PER KG,Feb-15,01/02/2015,01/02/2015,110362,2015,2,1,,2015-02,,,,10,0.988528132,Teaspoon of Sugar
201503,212101,1,SUGAR -GRANULATED-WHITE-PER KG,Mar-15,01/03/2015,01/03/2015,113759,2015,3,1,,2015-03,,,,10,0.99341017,Teaspoon of Sugar
201504,212101,1,SUGAR -GRANULATED-WHITE-PER KG,Apr-15,01/04/2015,01/04/2015,115935,2015,4,2,,2015-04,,,,10,0.923539102,Teaspoon of Sugar
201505,212101,1,SUGAR -GRANULATED-WHITE-PER KG,May-15,01/05/2015,01/05/2015,116093,2015,5,2,,2015-05,,,,10,0.922157705,Teaspoon of Sugar
201506,212101,1,SUGAR -GRANULATED-WHITE-PER KG,Jun-15,01/06/2015,01/06/2015,116584,2015,6,2,,2015-06,,,,10,0.914279819,Teaspoon of Sugar
201507,212101,1,SUGAR -GRANULATED-WHITE-PER KG,Jul-15,01/07/2015,01/07/2015,114886,2015,7,3,,2015-07,,,,10,0.893133044,Teaspoon of Sugar
201508,212101,1,SUGAR -GRANULATED-WHITE-PER KG,Aug-15,01/08/2015,01/08/2015,115736,2015,8,3,,2015-08,,,,10,0.877575755,Teaspoon of Sugar
201509,212101,1,SUGAR -GRANULATED-WHITE-PER KG,Sep-15,01/09/2015,01/09/2015,115298,2015,9,3,,2015-09,,,,10,0.87391305,Teaspoon of Sugar
201510,212101,1,SUGAR -GRANULATED-WHITE-PER KG,Oct-15,01/10/2015,01/10/2015,114195,2015,10,4,,2015-10,,,,10,0.797568798,Teaspoon of Sugar
201511,212101,1,SUGAR -GRANULATED-WHITE-PER KG,Nov-15,01/11/2015,01/11/2015,114300,2015,11,4,,2015-11,,,,10,0.776164353,Teaspoon of Sugar
201512,212101,1,SUGAR -GRANULATED-WHITE-PER KG,Dec-15,01/12/2015,01/12/2015,114817,2015,12,4,,2015-12,,,,10,0.790536582,Teaspoon of Sugar
201601,212101,1,SUGAR -GRANULATED-WHITE-PER KG,Jan-16,01/01/2016,01/01/2016,115217,2016,1,1,,2016-01,,,,10,0.780783415,Teaspoon of Sugar
201602,212101,1,SUGAR -GRANULATED-WHITE-PER KG,Feb-16,01/02/2016,01/02/2016,111438,2016,2,1,,2016-02,,,,10,0.713410139,Teaspoon of Sugar
201603,212101,1,SUGAR -GRANULATED-WHITE-PER KG,Mar-16,01/03/2016,01/03/2016,114522,2016,3,1,,2016-03,,,,10,0.71240741,Teaspoon of Sugar
201604,212101,1,SUGAR -GRANULATED-WHITE-PER KG,Apr-16,01/04/2016,01/04/2016,116360,2016,4,2,,2016-04,,,,10,0.702987015,Teaspoon of Sugar
201605,212101,1,SUGAR -GRANULATED-WHITE-PER KG,May-16,01/05/2016,01/05/2016,116741,2016,5,2,,2016-05,,,,10,0.691459239,Teaspoon of Sugar
201606,212101,1,SUGAR -GRANULATED-WHITE-PER KG,Jun-16,01/06/2016,01/06/2016,114788,2016,6,2,,2016-06,,,,10,0.69903928,Teaspoon of Sugar
201607,212101,1,SUGAR -GRANULATED-WHITE-PER KG,Jul-16,01/07/2016,01/07/2016,115033,2016,7,3,,2016-07,,,,10,0.733083308,Teaspoon of Sugar
201608,212101,1,SUGAR -GRANULATED-WHITE-PER KG,Aug-16,01/08/2016,01/08/2016,113719,2016,8,3,,2016-08,,,,10,0.735541642,Teaspoon of Sugar
201609,212101,1,SUGAR -GRANULATED-WHITE-PER KG,Sep-16,01/09/2016,01/09/2016,114318,2016,9,3,,2016-09,,,,10,0.731967211,Teaspoon of Sugar
201610,212101,1,SUGAR -GRANULATED-WHITE-PER KG,Oct-16,01/10/2016,01/10/2016,114629,2016,10,4,,2016-10,,,,10,0.741322279,Teaspoon of Sugar
201611,212101,1,SUGAR -GRANULATED-WHITE-PER KG,Nov-16,01/11/2016,01/11/2016,114503,2016,11,4,,2016-11,,,,10,0.777786851,Teaspoon of Sugar
201612,212101,1,SUGAR -GRANULATED-WHITE-PER KG,Dec-16,01/12/2016,01/12/2016,115774,2016,12,4,,2016-12,,,,10,0.790737689,Teaspoon of Sugar
201701,212101,1,SUGAR -GRANULATED-WHITE-PER KG,Jan-17,01/01/2017,01/01/2017,115625,2017,1,1,,2017-01,,,,10,0.796954751,Teaspoon of Sugar
201702,212101,1,SUGAR -GRANULATED-WHITE-PER KG,Feb-17,01/02/2017,01/02/2017,114063,2017,2,1,,2017-02,,,,10,0.796604633,Teaspoon of Sugar
201703,212101,1,SUGAR -GRANULATED-WHITE-PER KG,Mar-17,01/03/2017,01/03/2017,115516,2017,3,1,,2017-03,,,,10,0.831502318,Teaspoon of Sugar
201704,212101,1,SUGAR -GRANULATED-WHITE-PER KG,Apr-17,01/04/2017,01/04/2017,116889,2017,4,2,,2017-04,,,,10,0.823087573,Teaspoon of Sugar
201705,212101,1,SUGAR -GRANULATED-WHITE-PER KG,May-17,01/05/2017,01/05/2017,117233,2017,5,2,,2017-05,,,,10,0.840702474,Teaspoon of Sugar
201706,212101,1,SUGAR -GRANULATED-WHITE-PER KG,Jun-17,01/06/2017,01/06/2017,117390,2017,6,2,,2017-06,,,,10,0.842704892,Teaspoon of Sugar
201707,212101,1,SUGAR -GRANULATED-WHITE-PER KG,Jul-17,01/07/2017,01/07/2017,117692,2017,7,3,,2017-07,,,,10,0.843909442,Teaspoon of Sugar
201708,212101,1,SUGAR -GRANULATED-WHITE-PER KG,Aug-17,01/08/2017,01/08/2017,117018,2017,8,3,,2017-08,,,,10,0.841666639,Teaspoon of Sugar
201709,212101,1,SUGAR -GRANULATED-WHITE-PER KG,Sep-17,01/09/2017,01/09/2017,117013,2017,9,3,,2017-09,,,,10,0.843621373,Teaspoon of Sugar
201710,212101,1,SUGAR -GRANULATED-WHITE-PER KG,Oct-17,01/10/2017,01/10/2017,116488,2017,10,4,,2017-10,,,,10,0.853858888,Teaspoon of Sugar
201711,212101,1,SUGAR -GRANULATED-WHITE-PER KG,Nov-17,01/11/2017,01/11/2017,116285,2017,11,4,,2017-11,,,,10,0.848318934,Teaspoon of Sugar
201712,212101,1,SUGAR -GRANULATED-WHITE-PER KG,Dec-17,01/12/2017,01/12/2017,117146,2017,12,4,,2017-12,,,,10,0.849740267,Teaspoon of Sugar
201801,212101,1,SUGAR -GRANULATED-WHITE-PER KG,Jan-18,01/01/2018,01/01/2018,116458,2018,1,1,,2018-01,,,,10,0.854260862,Teaspoon of Sugar
201802,212101,1,SUGAR -GRANULATED-WHITE-PER KG,Feb-18,01/02/2018,01/02/2018,122581,2018,2,1,,2018-02,,,,10,0.893529415,Teaspoon of Sugar
201803,212101,1,SUGAR -GRANULATED-WHITE-PER KG,Mar-18,01/03/2018,01/03/2018,125211,2018,3,1,,2018-03,,,,10,0.925145209,Teaspoon of Sugar
201804,212101,1,SUGAR -GRANULATED-WHITE-PER KG,Apr-18,01/04/2018,01/04/2018,126219,2018,4,2,,2018-04,,,,10,0.919510186,Teaspoon of Sugar
201805,212101,1,SUGAR -GRANULATED-WHITE-PER KG,May-18,01/05/2018,01/05/2018,126941,2018,5,2,,2018-05,,,,10,0.92151022,Teaspoon of Sugar
201806,212101,1,SUGAR -GRANULATED-WHITE-PER KG,Jun-18,01/06/2018,01/06/2018,126695,2018,6,2,,2018-06,,,,10,0.891516387,Teaspoon of Sugar
201807,212101,1,SUGAR -GRANULATED-WHITE-PER KG,Jul-18,01/07/2018,01/07/2018,124520,2018,7,3,,2018-07,,,,10,0.923760295,Teaspoon of Sugar
201808,212101,1,SUGAR -GRANULATED-WHITE-PER KG,Aug-18,01/08/2018,01/08/2018,124079,2018,8,3,,2018-08,,,,10,0.927418053,Teaspoon of Sugar
201809,212101,1,SUGAR -GRANULATED-WHITE-PER KG,Sep-18,01/09/2018,01/09/2018,124265,2018,9,3,,2018-09,,,,10,0.928729475,Teaspoon of Sugar
201810,212101,1,SUGAR -GRANULATED-WHITE-PER KG,Oct-18,01/10/2018,01/10/2018,124191,2018,10,4,,2018-10,,,,10,0.84301722,Teaspoon of Sugar
201811,212101,1,SUGAR -GRANULATED-WHITE-PER KG,Nov-18,01/11/2018,01/11/2018,123289,2018,11,4,,2018-11,,,,10,0.843189657,Teaspoon of Sugar
201812,212101,1,SUGAR -GRANULATED-WHITE-PER KG,Dec-18,01/12/2018,01/12/2018,125381,2018,12,4,,2018-12,,,,10,0.857777774,Teaspoon of Sugar
201901,212101,1,SUGAR -GRANULATED-WHITE-PER KG,Jan-19,01/01/2019,01/01/2019,125531,2019,1,1,,2019-01,,,,10,0.834214866,Teaspoon of Sugar
201902,212101,1,SUGAR -GRANULATED-WHITE-PER KG,Feb-19,01/02/2019,01/02/2019,124018,2019,2,1,,2019-02,,,,10,0.864791691,Teaspoon of Sugar
201903,212101,1,SUGAR -GRANULATED-WHITE-PER KG,Mar-19,01/03/2019,01/03/2019,127885,2019,3,1,,2019-03,,,,10,0.864628077,Teaspoon of Sugar
201904,212101,1,SUGAR -GRANULATED-WHITE-PER KG,Apr-19,01/04/2019,01/04/2019,128853,2019,4,2,,2019-04,,,,10,0.857909858,Teaspoon of Sugar
201905,212101,1,SUGAR -GRANULATED-WHITE-PER KG,May-19,01/05/2019,01/05/2019,128682,2019,5,2,,2019-05,,,,10,0.858641982,Teaspoon of Sugar
201906,212101,1,SUGAR -GRANULATED-WHITE-PER KG,Jun-19,01/06/2019,01/06/2019,129075,2019,6,2,,2019-06,,,,10,0.859135807,Teaspoon of Sugar
201907,212101,1,SUGAR -GRANULATED-WHITE-PER KG,Jul-19,01/07/2019,01/07/2019,128486,2019,7,3,,2019-07,,,,10,0.858791649,Teaspoon of Sugar
201908,212101,1,SUGAR -GRANULATED-WHITE-PER KG,Aug-19,01/08/2019,01/08/2019,127479,2019,8,3,,2019-08,,,,10,0.858729482,Teaspoon of Sugar
201909,212101,1,SUGAR -GRANULATED-WHITE-PER KG,Sep-19,01/09/2019,01/09/2019,127702,2019,9,3,,2019-09,,,,10,0.858032763,Teaspoon of Sugar
201910,212101,1,SUGAR -GRANULATED-WHITE-PER KG,Oct-19,01/10/2019,01/10/2019,127514,2019,10,4,,2019-10,,,,10,0.854408145,Teaspoon of Sugar
201911,212101,1,SUGAR -GRANULATED-WHITE-PER KG,Nov-19,01/11/2019,01/11/2019,127910,2019,11,4,,2019-11,,,,10,0.854385257,Teaspoon of Sugar
201912,212101,1,SUGAR -GRANULATED-WHITE-PER KG,Dec-19,01/12/2019,01/12/2019,127767,2019,12,4,,2019-12,,,,10,0.855696738,Teaspoon of Sugar
202001,212101,1,SUGAR -GRANULATED-WHITE-PER KG,Jan-20,01/01/2020,01/01/2020,127661,2020,1,1,,2020-01,,,,10,0.845283866,Teaspoon of Sugar
202002,212101,1,SUGAR -GRANULATED-WHITE-PER KG,Feb-20,01/02/2020,01/02/2020,126570,2020,2,1,,2020-02,,,,10,0.888571441,Teaspoon of Sugar
202003,212101,1,SUGAR -GRANULATED-WHITE-PER KG,Mar-20,01/03/2020,01/03/2020,118933,2020,3,1,,2020-03,,,,10,0.905263186,Teaspoon of Sugar
202004,212101,1,SUGAR -GRANULATED-WHITE-PER KG,Apr-20,01/04/2020,01/04/2020,74251,2020,4,2,,2020-04,,,,10,0.878181815,Teaspoon of Sugar
202005,212101,1,SUGAR -GRANULATED-WHITE-PER KG,May-20,01/05/2020,01/05/2020,85259,2020,5,2,,2020-05,,,,10,0.86427778,Teaspoon of Sugar
202006,212101,1,SUGAR -GRANULATED-WHITE-PER KG,Jun-20,01/06/2020,01/06/2020,94010,2020,6,2,,2020-06,,,,10,0.850829244,Teaspoon of Sugar
202007,212101,1,SUGAR -GRANULATED-WHITE-PER KG,Jul-20,01/07/2020,01/07/2020,102371,2020,7,3,,2020-07,,,,10,0.848888874,Teaspoon of Sugar
202008,212101,1,SUGAR -GRANULATED-WHITE-PER KG,Aug-20,01/08/2020,01/08/2020,112987,2020,8,3,,2020-08,,,,10,0.861005008,Teaspoon of Sugar
202009,212101,1,SUGAR -GRANULATED-WHITE-PER KG,Sep-20,01/09/2020,01/09/2020,116062,2020,9,3,,2020-09,,,,10,0.898785055,Teaspoon of Sugar
202010,212101,1,SUGAR -GRANULATED-WHITE-PER KG,Oct-20,01/10/2020,01/10/2020,116826,2020,10,4,,2020-10,,,,10,0.862770557,Teaspoon of Sugar
202011,212101,1,SUGAR -GRANULATED-WHITE-PER KG,Nov-20,01/11/2020,01/11/2020,82553,2020,11,4,,2020-11,,,,10,0.89535135,Teaspoon of Sugar
202012,212101,1,SUGAR -GRANULATED-WHITE-PER KG,Dec-20,01/12/2020,01/12/2020,94790,2020,12,4,,2020-12,,,,10,0.894864857,Teaspoon of Sugar
202101,212101,1,SUGAR -GRANULATED-WHITE-PER KG,Jan-21,01/01/2021,01/01/2021,94079,2021,1,1,,2021-01,,,,10,0.884285688,Teaspoon of Sugar
202102,212101,1,SUGAR -GRANULATED-WHITE-PER KG,Feb-21,01/02/2021,01/02/2021,98049,2021,2,1,,2021-02,,,,10,0.911459446,Teaspoon of Sugar
202103,212101,1,SUGAR -GRANULATED-WHITE-PER KG,Mar-21,01/03/2021,01/03/2021,100972,2021,3,1,,2021-03,,,,10,0.853366315,Teaspoon of Sugar
202104,212101,1,SUGAR -GRANULATED-WHITE-PER KG,Apr-21,01/04/2021,01/04/2021,102092,2021,4,2,,2021-04,,,,10,0.871552527,Teaspoon of Sugar
202105,212101,1,SUGAR -GRANULATED-WHITE-PER KG,May-21,01/05/2021,01/05/2021,95210,2021,5,2,,2021-05,,,,10,0.908797801,Teaspoon of Sugar
202106,212101,1,SUGAR -GRANULATED-WHITE-PER KG,Jun-21,01/06/2021,01/06/2021,109408,2021,6,2,,2021-06,,,,10,0.893350005,Teaspoon of Sugar
202107,212101,1,SUGAR -GRANULATED-WHITE-PER KG,Jul-21,01/07/2021,01/07/2021,122056,2021,7,3,,2021-07,,,,10,0.86237067,Teaspoon of Sugar
202108,212101,1,SUGAR -GRANULATED-WHITE-PER KG,Aug-21,01/08/2021,01/08/2021,123477,2021,8,3,,2021-08,,,,10,0.859159648,Teaspoon of Sugar
202109,212101,1,SUGAR -GRANULATED-WHITE-PER KG,Sep-21,01/09/2021,01/09/2021,122686,2021,9,3,,2021-09,,,,10,0.822533906,Teaspoon of Sugar
202110,212101,1,SUGAR -GRANULATED-WHITE-PER KG,Oct-21,01/10/2021,01/10/2021,123103,2021,10,4,,2021-10,,,,10,0.829508901,Teaspoon of Sugar
202111,212101,1,SUGAR -GRANULATED-WHITE-PER KG,Nov-21,01/11/2021,01/11/2021,123532,2021,11,4,,2021-11,,,,10,0.732075453,Teaspoon of Sugar
202112,212101,1,SUGAR -GRANULATED-WHITE-PER KG,Dec-21,01/12/2021,01/12/2021,123086,2021,12,4,,2021-12,,,,10,0.738418579,Teaspoon of Sugar
202201,212101,1,SUGAR -GRANULATED-WHITE-PER KG,Jan-22,01/01/2022,01/01/2022,123655,2022,1,1,,2022-01,,,,10,0.79973799,Teaspoon of Sugar
202202,212101,1,SUGAR -GRANULATED-WHITE-PER KG,Feb-22,01/02/2022,01/02/2022,121928,2022,2,1,,2022-02,,,,10,0.874736845,Teaspoon of Sugar
202203,212101,1,SUGAR -GRANULATED-WHITE-PER KG,Mar-22,01/03/2022,01/03/2022,125713,2022,3,1,,2022-03,,,,10,0.872166693,Teaspoon of Sugar
202204,212101,1,SUGAR -GRANULATED-WHITE-PER KG,Apr-22,01/04/2022,01/04/2022,127157,2022,4,2,,2022-04,,,,10,0.87659663,Teaspoon of Sugar
202205,212101,1,SUGAR -GRANULATED-WHITE-PER KG,May-22,01/05/2022,01/05/2022,127155,2022,5,2,,2022-05,,,,10,0.877685964,Teaspoon of Sugar
202206,212101,1,SUGAR -GRANULATED-WHITE-PER KG,Jun-22,01/06/2022,01/06/2022,127526,2022,6,2,,2022-06,,,,10,0.872780085,Teaspoon of Sugar
202207,212101,1,SUGAR -GRANULATED-WHITE-PER KG,Jul-22,01/07/2022,01/07/2022,127040,2022,7,3,,2022-07,,,,10,0.872510254,Teaspoon of Sugar
202208,212101,1,SUGAR -GRANULATED-WHITE-PER KG,Aug-22,01/08/2022,01/08/2022,125392,2022,8,3,,2022-08,,,,10,0.88866663,Teaspoon of Sugar
202209,212101,1,SUGAR -GRANULATED-WHITE-PER KG,Sep-22,01/09/2022,01/09/2022,125502,2022,9,3,,2022-09,,,,10,0.862194061,Teaspoon of Sugar
202210,212101,1,SUGAR -GRANULATED-WHITE-PER KG,Oct-22,01/10/2022,01/10/2022,125741,2022,10,4,,2022-10,,,,10,0.947593331,Teaspoon of Sugar
200401,211901,2,TEA BAGS PACKET OF 80,Jan-04,01/01/2004,01/01/2004,107904,2004,1,1,,2004-1,,,2,,3.772727251,Tea Bag
200402,211901,2,TEA BAGS PACKET OF 80,Feb-04,01/02/2004,01/02/2004,103439,2004,2,1,,2004-2,,,2,,3.751111031,Tea Bag
200403,211901,1,TEA BAGS PACKET OF 80,Mar-04,01/03/2004,01/03/2004,105011,2004,3,1,,2004-3,,,2,,3.744285703,Tea Bag
200404,211901,2,TEA BAGS PACKET OF 80,Apr-04,01/04/2004,01/04/2004,105509,2004,4,2,,2004-4,,,2,,3.758510649,Tea Bag
200405,211901,1,TEA BAGS PACKET OF 80,May-04,01/05/2004,01/05/2004,107319,2004,5,2,,2004-5,,,2,,3.712681234,Tea Bag
200406,211901,1,TEA BAGS PACKET OF 80,Jun-04,01/06/2004,01/06/2004,107774,2004,6,2,,2004-6,,,2,,3.679136634,Tea Bag
200407,211901,1,TEA BAGS PACKET OF 80,Jul-04,01/07/2004,01/07/2004,106865,2004,7,3,,2004-7,,,2,,3.683152199,Tea Bag
200408,211901,1,TEA BAGS PACKET OF 80,Aug-04,01/08/2004,01/08/2004,105050,2004,8,3,,2004-8,,,2,,3.664999902,Tea Bag
200409,211901,1,TEA BAGS PACKET OF 80,Sep-04,01/09/2004,01/09/2004,104170,2004,9,3,,2004-9,,,2,,3.614097834,Tea Bag
200410,211901,1,TEA BAGS PACKET OF 80,Oct-04,01/10/2004,01/10/2004,105471,2004,10,4,,2004-10,,,2,,3.68625015,Tea Bag
200411,211901,1,TEA BAGS PACKET OF 80,Nov-04,01/11/2004,01/11/2004,106502,2004,11,4,,2004-11,,,2,,3.632904291,Tea Bag
200412,211901,1,TEA BAGS PACKET OF 80,Dec-04,01/12/2004,01/12/2004,106782,2004,12,4,,2004-12,,,2,,3.587230146,Tea Bag
200501,211901,1,TEA BAGS PACKET OF 80,Jan-05,01/01/2005,01/01/2005,103613,2005,1,1,,2005-1,,,2,,3.539860249,Tea Bag
200502,211901,1,TEA BAGS PACKET OF 80,Feb-05,01/02/2005,01/02/2005,108851,2005,2,1,,2005-2,,,2,,3.590858281,Tea Bag
200503,211901,1,TEA BAGS PACKET OF 80,Mar-05,01/03/2005,01/03/2005,109174,2005,3,1,,2005-3,,,2,,3.570348918,Tea Bag
200504,211901,1,TEA BAGS PACKET OF 80,Apr-05,01/04/2005,01/04/2005,112133,2005,4,2,,2005-4,,,2,,3.578900695,Tea Bag
200505,211901,1,TEA BAGS PACKET OF 80,May-05,01/05/2005,01/05/2005,111815,2005,5,2,,2005-5,,,2,,3.419055045,Tea Bag
200506,211901,1,TEA BAGS PACKET OF 80,Jun-05,01/06/2005,01/06/2005,114133,2005,6,2,,2005-6,,,2,,3.517700732,Tea Bag
200507,211901,1,TEA BAGS PACKET OF 80,Jul-05,01/07/2005,01/07/2005,112702,2005,7,3,,2005-7,,,2,,3.632386327,Tea Bag
200508,211901,1,TEA BAGS PACKET OF 80,Aug-05,01/08/2005,01/08/2005,111794,2005,8,3,,2005-8,,,2,,3.57427001,Tea Bag
200509,211901,1,TEA BAGS PACKET OF 80,Sep-05,01/09/2005,01/09/2005,111426,2005,9,3,,2005-9,,,2,,3.570535779,Tea Bag
200510,211901,1,TEA BAGS PACKET OF 80,Oct-05,01/10/2005,01/10/2005,108500,2005,10,4,,2005-10,,,2,,3.589999974,Tea Bag
200511,211901,1,TEA BAGS PACKET OF 80,Nov-05,01/11/2005,01/11/2005,104534,2005,11,4,,2005-11,,,2,,3.581716418,Tea Bag
200512,211901,1,TEA BAGS PACKET OF 80,Dec-05,01/12/2005,01/12/2005,109077,2005,12,4,,2005-12,,,2,,3.593147993,Tea Bag
200601,211901,1,TEA BAGS PACKET OF 80,Jan-06,01/01/2006,01/01/2006,104610,2006,1,1,,2006-01,,,2,,3.689062595,Tea Bag
200602,211901,1,TEA BAGS PACKET OF 80,Feb-06,01/02/2006,01/02/2006,100465,2006,2,1,,2006-02,,,2,,3.680075109,Tea Bag
200603,211901,1,TEA BAGS PACKET OF 80,Mar-06,01/03/2006,01/03/2006,103882,2006,3,1,,2006-03,,,2,,3.595921993,Tea Bag
200604,211901,1,TEA BAGS PACKET OF 80,Apr-06,01/04/2006,01/04/2006,107567,2006,4,2,,2006-04,,,2,,3.59356612,Tea Bag
200605,211901,1,TEA BAGS PACKET OF 80,May-06,01/05/2006,01/05/2006,109228,2006,5,2,,2006-05,,,2,,3.702573478,Tea Bag
200606,211901,2,TEA BAGS PACKET OF 80,Jun-06,01/06/2006,01/06/2006,110194,2006,6,2,,2006-06,,,2,,3.798936009,Tea Bag
200607,211901,2,TEA BAGS PACKET OF 80,Jul-06,01/07/2006,01/07/2006,107021,2006,7,3,,2006-07,,,2,,3.778831959,Tea Bag
200608,211901,2,TEA BAGS PACKET OF 80,Aug-06,01/08/2006,01/08/2006,105147,2006,8,3,,2006-08,,,2,,3.900177181,Tea Bag
200609,211901,2,TEA BAGS PACKET OF 80,Sep-06,01/09/2006,01/09/2006,105598,2006,9,3,,2006-09,,,2,,3.924647868,Tea Bag
200610,211901,2,TEA BAGS PACKET OF 80,Oct-06,01/10/2006,01/10/2006,106345,2006,10,4,,2006-10,,,2,,3.941964209,Tea Bag
200611,211901,2,TEA BAGS PACKET OF 80,Nov-06,01/11/2006,01/11/2006,107067,2006,11,4,,2006-11,,,2,,3.931294978,Tea Bag
200612,211901,2,TEA BAGS PACKET OF 80,Dec-06,01/12/2006,01/12/2006,107974,2006,12,4,,2006-12,,,2,,3.949113488,Tea Bag
200701,211901,2,TEA BAGS PACKET OF 80,Jan-07,01/01/2007,01/01/2007,94734,2007,1,1,,2007-01,,,2,,3.898897171,Tea Bag
200702,211901,2,TEA BAGS PACKET OF 80,Feb-07,01/02/2007,01/02/2007,94993,2007,2,1,,2007-02,,,2,,3.960211277,Tea Bag
200703,211901,2,TEA BAGS PACKET OF 80,Mar-07,01/03/2007,01/03/2007,99770,2007,3,1,,2007-03,,,2,,3.982705474,Tea Bag
200704,211901,2,TEA BAGS PACKET OF 80,Apr-07,01/04/2007,01/04/2007,101168,2007,4,2,,2007-04,,,2,,3.835714161,Tea Bag
200705,211901,2,TEA BAGS PACKET OF 80,May-07,01/05/2007,01/05/2007,102992,2007,5,2,,2007-05,,,2,,3.995833397,Tea Bag
200706,211901,2,TEA BAGS PACKET OF 80,Jun-07,01/06/2007,01/06/2007,104456,2007,6,2,,2007-06,,,2,,3.996724188,Tea Bag
200707,211901,2,TEA BAGS PACKET OF 80,Jul-07,01/07/2007,01/07/2007,103584,2007,7,3,,2007-07,,,2,,3.964184523,Tea Bag
200708,211901,2,TEA BAGS PACKET OF 80,Aug-07,01/08/2007,01/08/2007,103198,2007,8,3,,2007-08,,,2,,3.96181494,Tea Bag
200709,211901,2,TEA BAGS PACKET OF 80,Sep-07,01/09/2007,01/09/2007,103769,2007,9,3,,2007-09,,,2,,4.014598429,Tea Bag
200710,211901,2,TEA BAGS PACKET OF 80,Oct-07,01/10/2007,01/10/2007,105114,2007,10,4,,2007-10,,,2,,3.953424692,Tea Bag
200711,211901,2,TEA BAGS PACKET OF 80,Nov-07,01/11/2007,01/11/2007,107436,2007,11,4,,2007-11,,,2,,3.914930522,Tea Bag
200712,211901,2,TEA BAGS PACKET OF 80,Dec-07,01/12/2007,01/12/2007,107286,2007,12,4,,2007-12,,,2,,3.806293607,Tea Bag
200801,211901,2,TEA BAGS PACKET OF 80,Jan-08,01/01/2008,01/01/2008,102691,2008,1,1,,2008-01,,,2,,3.818150759,Tea Bag
200802,211901,2,TEA BAGS PACKET OF 80,Feb-08,01/02/2008,01/02/2008,100511,2008,2,1,,2008-02,,,2,,3.902407289,Tea Bag
200803,211901,2,TEA BAGS PACKET OF 80,Mar-08,01/03/2008,01/03/2008,105118,2008,3,1,,2008-03,,,2,,3.912591338,Tea Bag
200804,211901,2,TEA BAGS PACKET OF 80,Apr-08,01/04/2008,01/04/2008,99887,2008,4,2,,2008-04,,,2,,3.963703811,Tea Bag
200805,211901,2,TEA BAGS PACKET OF 80,May-08,01/05/2008,01/05/2008,100583,2008,5,2,,2008-05,,,2,,4.074444473,Tea Bag
200806,211901,2,TEA BAGS PACKET OF 80,Jun-08,01/06/2008,01/06/2008,101446,2008,6,2,,2008-06,,,2,,4.097262621,Tea Bag
200807,211901,2,TEA BAGS PACKET OF 80,Jul-08,01/07/2008,01/07/2008,102214,2008,7,3,,2008-07,,,2,,4.226642251,Tea Bag
200808,211901,2,TEA BAGS PACKET OF 80,Aug-08,01/08/2008,01/08/2008,102314,2008,8,3,,2008-08,,,2,,4.221402705,Tea Bag
200809,211901,2,TEA BAGS PACKET OF 80,Sep-08,01/09/2008,01/09/2008,102828,2008,9,3,,2008-09,,,2,,4.224999845,Tea Bag
200810,211901,2,TEA BAGS PACKET OF 80,Oct-08,01/10/2008,01/10/2008,103994,2008,10,4,,2008-10,,,2,,4.297535121,Tea Bag
200811,211901,2,TEA BAGS PACKET OF 80,Nov-08,01/11/2008,01/11/2008,104756,2008,11,4,,2008-11,,,2,,4.297694862,Tea Bag
200812,211901,2,TEA BAGS PACKET OF 80,Dec-08,01/12/2008,01/12/2008,101854,2008,12,4,,2008-12,,,2,,4.194999933,Tea Bag
200901,211901,2,TEA BAGS PACKET OF 80,Jan-09,01/01/2009,01/01/2009,98184,2009,1,1,,2009-01,,,2,,4.339583218,Tea Bag
200902,211901,2,TEA BAGS PACKET OF 80,Feb-09,01/02/2009,01/02/2009,91764,2009,2,1,,2009-02,,,2,,4.357962906,Tea Bag
200903,211901,2,TEA BAGS PACKET OF 80,Mar-09,01/03/2009,01/03/2009,97144,2009,3,1,,2009-03,,,2,,4.455892742,Tea Bag
200904,211901,2,TEA BAGS PACKET OF 80,Apr-09,01/04/2009,01/04/2009,99211,2009,4,2,,2009-04,,,2,,4.404687583,Tea Bag
200905,211901,2,TEA BAGS PACKET OF 80,May-09,01/05/2009,01/05/2009,100141,2009,5,2,,2009-05,,,2,,4.319190085,Tea Bag
200906,211901,2,TEA BAGS PACKET OF 80,Jun-09,01/06/2009,01/06/2009,99984,2009,6,2,,2009-06,,,2,,4.43959862,Tea Bag
200907,211901,2,TEA BAGS PACKET OF 80,Jul-09,01/07/2009,01/07/2009,100430,2009,7,3,,2009-07,,,2,,4.50948894,Tea Bag
200908,211901,2,TEA BAGS PACKET OF 80,Aug-09,01/08/2009,01/08/2009,101010,2009,8,3,,2009-08,,,2,,4.680105746,Tea Bag
200909,211901,2,TEA BAGS PACKET OF 80,Sep-09,01/09/2009,01/09/2009,102020,2009,9,3,,2009-09,,,2,,4.615451396,Tea Bag
200910,211901,2,TEA BAGS PACKET OF 80,Oct-09,01/10/2009,01/10/2009,102962,2009,10,4,,2009-10,,,2,,4.602097869,Tea Bag
200911,211901,2,TEA BAGS PACKET OF 80,Nov-09,01/11/2009,01/11/2009,104223,2009,11,4,,2009-11,,,2,,4.432020485,Tea Bag
200912,211901,2,TEA BAGS PACKET OF 80,Dec-09,01/12/2009,01/12/2009,105319,2009,12,4,,2009-12,,,2,,4.584821463,Tea Bag
201001,211901,2,TEA BAGS PACKET OF 80,Jan-10,01/01/2010,01/01/2010,101545,2010,1,1,,2010-01,,,2,,4.659172595,Tea Bag
201002,211901,2,TEA BAGS PACKET OF 80,Feb-10,01/02/2010,01/02/2010,97889,2010,2,1,,2010-02,,,2,,4.595955908,Tea Bag
201003,211901,2,TEA BAGS PACKET OF 80,Mar-10,01/03/2010,01/03/2010,102189,2010,3,1,,2010-03,,,2,,4.843662083,Tea Bag
201004,211901,2,TEA BAGS PACKET OF 80,Apr-10,01/04/2010,01/04/2010,104566,2010,4,2,,2010-04,,,2,,5.019190311,Tea Bag
201005,211901,2,TEA BAGS PACKET OF 80,May-10,01/05/2010,01/05/2010,105655,2010,5,2,,2010-05,,,2,,5.067647099,Tea Bag
201006,211901,2,TEA BAGS PACKET OF 80,Jun-10,01/06/2010,01/06/2010,106532,2010,6,2,,2010-06,,,2,,5.023888946,Tea Bag
201007,211901,2,TEA BAGS PACKET OF 80,Jul-10,01/07/2010,01/07/2010,107229,2010,7,3,,2010-07,,,2,,4.91461277,Tea Bag
201008,211901,2,TEA BAGS PACKET OF 80,Aug-10,01/08/2010,01/08/2010,108091,2010,8,3,,2010-08,,,2,,5.008098483,Tea Bag
201009,211901,2,TEA BAGS PACKET OF 80,Sep-10,01/09/2010,01/09/2010,108500,2010,9,3,,2010-09,,,2,,4.887147844,Tea Bag
201010,211901,2,TEA BAGS PACKET OF 80,Oct-10,01/10/2010,01/10/2010,109466,2010,10,4,,2010-10,,,2,,4.961071312,Tea Bag
201011,211901,2,TEA BAGS PACKET OF 80,Nov-10,01/11/2010,01/11/2010,109784,2010,11,4,,2010-11,,,2,,4.967592657,Tea Bag
201012,211901,2,TEA BAGS PACKET OF 80,Dec-10,01/12/2010,01/12/2010,110303,2010,12,4,,2010-12,,,2,,4.919669032,Tea Bag
201101,211901,2,TEA BAGS PACKET OF 80,Jan-11,01/01/2011,01/01/2011,107592,2011,1,1,,2011-01,,,2,,5.01793921,Tea Bag
201102,211901,2,TEA BAGS PACKET OF 80,Feb-11,01/02/2011,01/02/2011,107243,2011,2,1,,2011-02,,,2,,4.857499897,Tea Bag
201103,211901,2,TEA BAGS PACKET OF 80,Mar-11,01/03/2011,01/03/2011,111703,2011,3,1,,2011-03,,,2,,4.957446754,Tea Bag
201104,211901,2,TEA BAGS PACKET OF 80,Apr-11,01/04/2011,01/04/2011,110135,2011,4,2,,2011-04,,,2,,4.988571405,Tea Bag
201105,211901,2,TEA BAGS PACKET OF 80,May-11,01/05/2011,01/05/2011,110905,2011,5,2,,2011-05,,,2,,4.849820137,Tea Bag
201106,211901,2,TEA BAGS PACKET OF 80,Jun-11,01/06/2011,01/06/2011,110923,2011,6,2,,2011-06,,,2,,4.986538589,Tea Bag
201107,211901,2,TEA BAGS PACKET OF 80,Jul-11,01/07/2011,01/07/2011,110938,2011,7,3,,2011-07,,,2,,4.973392785,Tea Bag
201108,211901,2,TEA BAGS PACKET OF 80,Aug-11,01/08/2011,01/08/2011,111624,2011,8,3,,2011-08,,,2,,5.096061826,Tea Bag
201109,211901,2,TEA BAGS PACKET OF 80,Sep-11,01/09/2011,01/09/2011,112468,2011,9,3,,2011-09,,,2,,4.900704324,Tea Bag
201110,211901,2,TEA BAGS PACKET OF 80,Oct-11,01/10/2011,01/10/2011,112689,2011,10,4,,2011-10,,,2,,5.018055439,Tea Bag
201111,211901,2,TEA BAGS PACKET OF 80,Nov-11,01/11/2011,01/11/2011,112558,2011,11,4,,2011-11,,,2,,4.991489351,Tea Bag
201112,211901,2,TEA BAGS PACKET OF 80,Dec-11,01/12/2011,01/12/2011,113770,2011,12,4,,2011-12,,,2,,5.060314536,Tea Bag
201201,211901,2,TEA BAGS PACKET OF 80,Jan-12,01/01/2012,01/01/2012,112915,2012,1,1,,2012-01,,,2,,5.012326241,Tea Bag
201202,211901,2,TEA BAGS PACKET OF 80,Feb-12,01/02/2012,01/02/2012,109908,2012,2,1,,2012-02,,,2,,4.998449683,Tea Bag
201203,211901,2,TEA BAGS PACKET OF 80,Mar-12,01/03/2012,01/03/2012,112591,2012,3,1,,2012-03,,,2,,4.863035679,Tea Bag
201204,211901,2,TEA BAGS PACKET OF 80,Apr-12,01/04/2012,01/04/2012,111722,2012,4,2,,2012-04,,,2,,4.97430563,Tea Bag
201205,211901,2,TEA BAGS PACKET OF 80,May-12,01/05/2012,01/05/2012,112977,2012,5,2,,2012-05,,,2,,4.846126735,Tea Bag
201206,211901,2,TEA BAGS PACKET OF 80,Jun-12,01/06/2012,01/06/2012,113464,2012,6,2,,2012-06,,,2,,5.058274865,Tea Bag
201207,211901,2,TEA BAGS PACKET OF 80,Jul-12,01/07/2012,01/07/2012,112979,2012,7,3,,2012-07,,,2,,4.98493135,Tea Bag
201208,211901,2,TEA BAGS PACKET OF 80,Aug-12,01/08/2012,01/08/2012,113779,2012,8,3,,2012-08,,,2,,5.02674818,Tea Bag
201209,211901,2,TEA BAGS PACKET OF 80,Sep-12,01/09/2012,01/09/2012,113529,2012,9,3,,2012-09,,,2,,4.956992865,Tea Bag
201210,211901,2,TEA BAGS PACKET OF 80,Oct-12,01/10/2012,01/10/2012,113193,2012,10,4,,2012-10,,,2,,5.072183013,Tea Bag
201211,211901,2,TEA BAGS PACKET OF 80,Nov-12,01/11/2012,01/11/2012,112322,2012,11,4,,2012-11,,,2,,5.15440166,Tea Bag
201212,211901,2,TEA BAGS PACKET OF 80,Dec-12,01/12/2012,01/12/2012,112522,2012,12,4,,2012-12,,,2,,5.106770992,Tea Bag
201301,211901,2,TEA BAGS PACKET OF 80,Jan-13,01/01/2013,01/01/2013,112470,2013,1,1,,2013-01,,,2,,5.177659392,Tea Bag
201302,211901,2,TEA BAGS PACKET OF 80,Feb-13,01/02/2013,01/02/2013,108915,2013,2,1,,2013-02,,,2,,5.259858966,Tea Bag
201303,211901,2,TEA BAGS PACKET OF 80,Mar-13,01/03/2013,01/03/2013,112073,2013,3,1,,2013-03,,,2,,5.130633712,Tea Bag
201304,211901,2,TEA BAGS PACKET OF 80,Apr-13,01/04/2013,01/04/2013,111932,2013,4,2,,2013-04,,,2,,5.10227263,Tea Bag
201305,211901,2,TEA BAGS PACKET OF 80,May-13,01/05/2013,01/05/2013,112460,2013,5,2,,2013-05,,,2,,5.088541508,Tea Bag
201306,211901,2,TEA BAGS PACKET OF 80,Jun-13,01/06/2013,01/06/2013,113182,2013,6,2,,2013-06,,,2,,5.123426318,Tea Bag
201307,211901,2,TEA BAGS PACKET OF 80,Jul-13,01/07/2013,01/07/2013,110722,2013,7,3,,2013-07,,,2,,5.081161857,Tea Bag
201308,211901,2,TEA BAGS PACKET OF 80,Aug-13,01/08/2013,01/08/2013,111818,2013,8,3,,2013-08,,,2,,5.029891133,Tea Bag
201309,211901,2,TEA BAGS PACKET OF 80,Sep-13,01/09/2013,01/09/2013,111942,2013,9,3,,2013-09,,,2,,5.013204217,Tea Bag
201310,211901,2,TEA BAGS PACKET OF 80,Oct-13,01/10/2013,01/10/2013,112357,2013,10,4,,2013-10,,,2,,5.146808624,Tea Bag
201311,211901,2,TEA BAGS PACKET OF 80,Nov-13,01/11/2013,01/11/2013,111887,2013,11,4,,2013-11,,,2,,5.179196,Tea Bag
201312,211901,2,TEA BAGS PACKET OF 80,Dec-13,01/12/2013,01/12/2013,112786,2013,12,4,,2013-12,,,2,,5.02425909,Tea Bag
201401,211901,2,TEA BAGS PACKET OF 80,Jan-14,01/01/2014,01/01/2014,113219,2014,1,1,,2014-01,,,2,,5.212412477,Tea Bag
201402,211901,2,TEA BAGS PACKET OF 80,Feb-14,01/02/2014,01/02/2014,108434,2014,2,1,,2014-02,,,2,,5.040559173,Tea Bag
201403,211901,2,TEA BAGS PACKET OF 80,Mar-14,01/03/2014,01/03/2014,111378,2014,3,1,,2014-03,,,2,,5.072202682,Tea Bag
201404,211901,2,TEA BAGS PACKET OF 80,Apr-14,01/04/2014,01/04/2014,110845,2014,4,2,,2014-04,,,2,,5.182705522,Tea Bag
201405,211901,2,TEA BAGS PACKET OF 80,May-14,01/05/2014,01/05/2014,111915,2014,5,2,,2014-05,,,2,,5.149489641,Tea Bag
201406,211901,2,TEA BAGS PACKET OF 80,Jun-14,01/06/2014,01/06/2014,112673,2014,6,2,,2014-06,,,2,,5.074830055,Tea Bag
201407,211901,2,TEA BAGS PACKET OF 80,Jul-14,01/07/2014,01/07/2014,110263,2014,7,3,,2014-07,,,2,,5.16931057,Tea Bag
201408,211901,2,TEA BAGS PACKET OF 80,Aug-14,01/08/2014,01/08/2014,111493,2014,8,3,,2014-08,,,2,,5.151870847,Tea Bag
201409,211901,2,TEA BAGS PACKET OF 80,Sep-14,01/09/2014,01/09/2014,111704,2014,9,3,,2014-09,,,2,,4.913286567,Tea Bag
201410,211901,2,TEA BAGS PACKET OF 80,Oct-14,01/10/2014,01/10/2014,111105,2014,10,4,,2014-10,,,2,,5.060937405,Tea Bag
201411,211901,2,TEA BAGS PACKET OF 80,Nov-14,01/11/2014,01/11/2014,111793,2014,11,4,,2014-11,,,2,,4.89821434,Tea Bag
201412,211901,2,TEA BAGS PACKET OF 80,Dec-14,01/12/2014,01/12/2014,111959,2014,12,4,,2014-12,,,2,,5.054965615,Tea Bag
201501,211901,2,TEA BAGS PACKET OF 80,Jan-15,01/01/2015,01/01/2015,112492,2015,1,1,,2015-01,,,2,,4.907269478,Tea Bag
201502,211901,2,TEA BAGS PACKET OF 80,Feb-15,01/02/2015,01/02/2015,110362,2015,2,1,,2015-02,,,2,,4.944301546,Tea Bag
201503,211901,2,TEA BAGS PACKET OF 80,Mar-15,01/03/2015,01/03/2015,113759,2015,3,1,,2015-03,,,2,,4.891788363,Tea Bag
201504,211901,2,TEA BAGS PACKET OF 80,Apr-15,01/04/2015,01/04/2015,115935,2015,4,2,,2015-04,,,2,,4.949475527,Tea Bag
201505,211901,2,TEA BAGS PACKET OF 80,May-15,01/05/2015,01/05/2015,116093,2015,5,2,,2015-05,,,2,,4.864084423,Tea Bag
201506,211901,2,TEA BAGS PACKET OF 80,Jun-15,01/06/2015,01/06/2015,116584,2015,6,2,,2015-06,,,2,,4.848448336,Tea Bag
201507,211901,2,TEA BAGS PACKET OF 80,Jul-15,01/07/2015,01/07/2015,114886,2015,7,3,,2015-07,,,2,,4.853846133,Tea Bag
201508,211901,2,TEA BAGS PACKET OF 80,Aug-15,01/08/2015,01/08/2015,115736,2015,8,3,,2015-08,,,2,,4.755714238,Tea Bag
201509,211901,2,TEA BAGS PACKET OF 80,Sep-15,01/09/2015,01/09/2015,115298,2015,9,3,,2015-09,,,2,,4.907733798,Tea Bag
201510,211901,2,TEA BAGS PACKET OF 80,Oct-15,01/10/2015,01/10/2015,114195,2015,10,4,,2015-10,,,2,,4.802158177,Tea Bag
201511,211901,2,TEA BAGS PACKET OF 80,Nov-15,01/11/2015,01/11/2015,114300,2015,11,4,,2015-11,,,2,,4.929391742,Tea Bag
201512,211901,2,TEA BAGS PACKET OF 80,Dec-15,01/12/2015,01/12/2015,114817,2015,12,4,,2015-12,,,2,,4.829794466,Tea Bag
201601,211901,2,TEA BAGS PACKET OF 80,Jan-16,01/01/2016,01/01/2016,115217,2016,1,1,,2016-01,,,2,,4.887162149,Tea Bag
201602,211901,2,TEA BAGS PACKET OF 80,Feb-16,01/02/2016,01/02/2016,111438,2016,2,1,,2016-02,,,2,,4.811815023,Tea Bag
201603,211901,2,TEA BAGS PACKET OF 80,Mar-16,01/03/2016,01/03/2016,114522,2016,3,1,,2016-03,,,2,,4.823801219,Tea Bag
201604,211901,2,TEA BAGS PACKET OF 80,Apr-16,01/04/2016,01/04/2016,116360,2016,4,2,,2016-04,,,2,,4.876666665,Tea Bag
201605,211901,2,TEA BAGS PACKET OF 80,May-16,01/05/2016,01/05/2016,116741,2016,5,2,,2016-05,,,2,,4.887248278,Tea Bag
201606,211901,2,TEA BAGS PACKET OF 80,Jun-16,01/06/2016,01/06/2016,114788,2016,6,2,,2016-06,,,2,,4.850850403,Tea Bag
201607,211901,2,TEA BAGS PACKET OF 80,Jul-16,01/07/2016,01/07/2016,115033,2016,7,3,,2016-07,,,2,,4.860862195,Tea Bag
201608,211901,2,TEA BAGS PACKET OF 80,Aug-16,01/08/2016,01/08/2016,113719,2016,8,3,,2016-08,,,2,,5.044056177,Tea Bag
201609,211901,2,TEA BAGS PACKET OF 80,Sep-16,01/09/2016,01/09/2016,114318,2016,9,3,,2016-09,,,2,,4.753187895,Tea Bag
201610,211901,2,TEA BAGS PACKET OF 80,Oct-16,01/10/2016,01/10/2016,114629,2016,10,4,,2016-10,,,2,,4.925684929,Tea Bag
201611,211901,2,TEA BAGS PACKET OF 80,Nov-16,01/11/2016,01/11/2016,114503,2016,11,4,,2016-11,,,2,,4.893835485,Tea Bag
201612,211901,2,TEA BAGS PACKET OF 80,Dec-16,01/12/2016,01/12/2016,115774,2016,12,4,,2016-12,,,2,,4.872260392,Tea Bag
201701,211901,2,TEA BAGS PACKET OF 80,Jan-17,01/01/2017,01/01/2017,115625,2017,1,1,,2017-01,,,2,,5.056914687,Tea Bag
201702,211901,2,TEA BAGS PACKET OF 80,Feb-17,01/02/2017,01/02/2017,114063,2017,2,1,,2017-02,,,2,,5.006433725,Tea Bag
201703,211901,2,TEA BAGS PACKET OF 80,Mar-17,01/03/2017,01/03/2017,115516,2017,3,1,,2017-03,,,2,,4.969310462,Tea Bag
201704,211901,2,TEA BAGS PACKET OF 80,Apr-17,01/04/2017,01/04/2017,116889,2017,4,2,,2017-04,,,2,,4.906333387,Tea Bag
201705,211901,2,TEA BAGS PACKET OF 80,May-17,01/05/2017,01/05/2017,117233,2017,5,2,,2017-05,,,2,,4.88894552,Tea Bag
201706,211901,2,TEA BAGS PACKET OF 80,Jun-17,01/06/2017,01/06/2017,117390,2017,6,2,,2017-06,,,2,,4.864827693,Tea Bag
201707,211901,2,TEA BAGS PACKET OF 80,Jul-17,01/07/2017,01/07/2017,117692,2017,7,3,,2017-07,,,2,,5.030516982,Tea Bag
201708,211901,2,TEA BAGS PACKET OF 80,Aug-17,01/08/2017,01/08/2017,117018,2017,8,3,,2017-08,,,2,,4.788356125,Tea Bag
201709,211901,2,TEA BAGS PACKET OF 80,Sep-17,01/09/2017,01/09/2017,117013,2017,9,3,,2017-09,,,2,,5.170890689,Tea Bag
201710,211901,2,TEA BAGS PACKET OF 80,Oct-17,01/10/2017,01/10/2017,116488,2017,10,4,,2017-10,,,2,,5.084760189,Tea Bag
201711,211901,2,TEA BAGS PACKET OF 80,Nov-17,01/11/2017,01/11/2017,116285,2017,11,4,,2017-11,,,2,,4.890035093,Tea Bag
201712,211901,2,TEA BAGS PACKET OF 80,Dec-17,01/12/2017,01/12/2017,117146,2017,12,4,,2017-12,,,2,,5.239285827,Tea Bag
201801,211901,2,TEA BAGS PACKET OF 80,Jan-18,01/01/2018,01/01/2018,116458,2018,1,1,,2018-01,,,2,,4.991047382,Tea Bag
201802,211901,2,TEA BAGS PACKET OF 80,Feb-18,01/02/2018,01/02/2018,122581,2018,2,1,,2018-02,,,2,,5.123103261,Tea Bag
201803,211901,2,TEA BAGS PACKET OF 80,Mar-18,01/03/2018,01/03/2018,125211,2018,3,1,,2018-03,,,2,,5.178214312,Tea Bag
201804,211901,2,TEA BAGS PACKET OF 80,Apr-18,01/04/2018,01/04/2018,126219,2018,4,2,,2018-04,,,2,,5.232812762,Tea Bag
201805,211901,2,TEA BAGS PACKET OF 80,May-18,01/05/2018,01/05/2018,126941,2018,5,2,,2018-05,,,2,,5.090734363,Tea Bag
201806,211901,2,TEA BAGS PACKET OF 80,Jun-18,01/06/2018,01/06/2018,126695,2018,6,2,,2018-06,,,2,,5.158783793,Tea Bag
201807,211901,2,TEA BAGS PACKET OF 80,Jul-18,01/07/2018,01/07/2018,124520,2018,7,3,,2018-07,,,2,,5.143288374,Tea Bag
201808,211901,2,TEA BAGS PACKET OF 80,Aug-18,01/08/2018,01/08/2018,124079,2018,8,3,,2018-08,,,2,,4.9888888,Tea Bag
201809,211901,2,TEA BAGS PACKET OF 80,Sep-18,01/09/2018,01/09/2018,124265,2018,9,3,,2018-09,,,2,,5.081423521,Tea Bag
201810,211901,2,TEA BAGS PACKET OF 80,Oct-18,01/10/2018,01/10/2018,124191,2018,10,4,,2018-10,,,2,,4.98896569,Tea Bag
201811,211901,2,TEA BAGS PACKET OF 80,Nov-18,01/11/2018,01/11/2018,123289,2018,11,4,,2018-11,,,2,,5.045270324,Tea Bag
201812,211901,2,TEA BAGS PACKET OF 80,Dec-18,01/12/2018,01/12/2018,125381,2018,12,4,,2018-12,,,2,,5.221746564,Tea Bag
201901,211901,2,TEA BAGS PACKET OF 80,Jan-19,01/01/2019,01/01/2019,125531,2019,1,1,,2019-01,,,2,,5.147902369,Tea Bag
201902,211901,2,TEA BAGS PACKET OF 80,Feb-19,01/02/2019,01/02/2019,124018,2019,2,1,,2019-02,,,2,,4.845578372,Tea Bag
201903,211901,2,TEA BAGS PACKET OF 80,Mar-19,01/03/2019,01/03/2019,127885,2019,3,1,,2019-03,,,2,,5.164020061,Tea Bag
201904,211901,2,TEA BAGS PACKET OF 80,Apr-19,01/04/2019,01/04/2019,128853,2019,4,2,,2019-04,,,2,,4.937949777,Tea Bag
201905,211901,2,TEA BAGS PACKET OF 80,May-19,01/05/2019,01/05/2019,128682,2019,5,2,,2019-05,,,2,,5.108673573,Tea Bag
201906,211901,2,TEA BAGS PACKET OF 80,Jun-19,01/06/2019,01/06/2019,129075,2019,6,2,,2019-06,,,2,,5.187166929,Tea Bag
201907,211901,2,TEA BAGS PACKET OF 80,Jul-19,01/07/2019,01/07/2019,128486,2019,7,3,,2019-07,,,2,,5.340268612,Tea Bag
201908,211901,2,TEA BAGS PACKET OF 80,Aug-19,01/08/2019,01/08/2019,127479,2019,8,3,,2019-08,,,2,,4.861073792,Tea Bag
201909,211901,2,TEA BAGS PACKET OF 80,Sep-19,01/09/2019,01/09/2019,127702,2019,9,3,,2019-09,,,2,,5.208390355,Tea Bag
201910,211901,2,TEA BAGS PACKET OF 80,Oct-19,01/10/2019,01/10/2019,127514,2019,10,4,,2019-10,,,2,,5.317881107,Tea Bag
201911,211901,2,TEA BAGS PACKET OF 80,Nov-19,01/11/2019,01/11/2019,127910,2019,11,4,,2019-11,,,2,,5.132550597,Tea Bag
201912,211901,2,TEA BAGS PACKET OF 80,Dec-19,01/12/2019,01/12/2019,127767,2019,12,4,,2019-12,,,2,,5.185242891,Tea Bag
202001,211901,2,TEA BAGS PACKET OF 80,Jan-20,01/01/2020,01/01/2020,127661,2020,1,1,,2020-01,,,2,,5.095535517,Tea Bag
202002,211901,2,TEA BAGS PACKET OF 80,Feb-20,01/02/2020,01/02/2020,126570,2020,2,1,,2020-02,,,2,,5.081884265,Tea Bag
202003,211901,2,TEA BAGS PACKET OF 80,Mar-20,01/03/2020,01/03/2020,118933,2020,3,1,,2020-03,,,2,,5.296999812,Tea Bag
202004,211901,2,TEA BAGS PACKET OF 80,Apr-20,01/04/2020,01/04/2020,74251,2020,4,2,,2020-04,,,2,,5.013920665,Tea Bag
202005,211901,2,TEA BAGS PACKET OF 80,May-20,01/05/2020,01/05/2020,85259,2020,5,2,,2020-05,,,2,,4.989008605,Tea Bag
202006,211901,2,TEA BAGS PACKET OF 80,Jun-20,01/06/2020,01/06/2020,94010,2020,6,2,,2020-06,,,2,,4.906198382,Tea Bag
202007,211901,2,TEA BAGS PACKET OF 80,Jul-20,01/07/2020,01/07/2020,102371,2020,7,3,,2020-07,,,2,,4.874390364,Tea Bag
202008,211901,2,TEA BAGS PACKET OF 80,Aug-20,01/08/2020,01/08/2020,112987,2020,8,3,,2020-08,,,2,,4.878750145,Tea Bag
202009,211901,2,TEA BAGS PACKET OF 80,Sep-20,01/09/2020,01/09/2020,116062,2020,9,3,,2020-09,,,2,,4.849125743,Tea Bag
202010,211901,2,TEA BAGS PACKET OF 80,Oct-20,01/10/2020,01/10/2020,116826,2020,10,4,,2020-10,,,2,,5.005142093,Tea Bag
202011,211901,2,TEA BAGS PACKET OF 80,Nov-20,01/11/2020,01/11/2020,82553,2020,11,4,,2020-11,,,2,,4.238055646,Tea Bag
202012,211901,2,TEA BAGS PACKET OF 80,Dec-20,01/12/2020,01/12/2020,94790,2020,12,4,,2020-12,,,2,,4.887244999,Tea Bag
202101,211901,2,TEA BAGS PACKET OF 80,Jan-21,01/01/2021,01/01/2021,94079,2021,1,1,,2021-01,,,2,,4.796008468,Tea Bag
202102,211901,2,TEA BAGS PACKET OF 80,Feb-21,01/02/2021,01/02/2021,98049,2021,2,1,,2021-02,,,2,,5.001024604,Tea Bag
202103,211901,2,TEA BAGS PACKET OF 80,Mar-21,01/03/2021,01/03/2021,100972,2021,3,1,,2021-03,,,2,,5.0179106,Tea Bag
202104,211901,2,TEA BAGS PACKET OF 80,Apr-21,01/04/2021,01/04/2021,102092,2021,4,2,,2021-04,,,2,,4.805769324,Tea Bag
202105,211901,2,TEA BAGS PACKET OF 80,May-21,01/05/2021,01/05/2021,95210,2021,5,2,,2021-05,,,2,,4.961036146,Tea Bag
202106,211901,2,TEA BAGS PACKET OF 80,Jun-21,01/06/2021,01/06/2021,109408,2021,6,2,,2021-06,,,2,,4.946666658,Tea Bag
202107,211901,2,TEA BAGS PACKET OF 80,Jul-21,01/07/2021,01/07/2021,122056,2021,7,3,,2021-07,,,2,,4.813571274,Tea Bag
202108,211901,2,TEA BAGS PACKET OF 80,Aug-21,01/08/2021,01/08/2021,123477,2021,8,3,,2021-08,,,2,,5.012319088,Tea Bag
202109,211901,2,TEA BAGS PACKET OF 80,Sep-21,01/09/2021,01/09/2021,122686,2021,9,3,,2021-09,,,2,,5.055105686,Tea Bag
202110,211901,2,TEA BAGS PACKET OF 80,Oct-21,01/10/2021,01/10/2021,123103,2021,10,4,,2021-10,,,2,,5.189006925,Tea Bag
202111,211901,2,TEA BAGS PACKET OF 80,Nov-21,01/11/2021,01/11/2021,123532,2021,11,4,,2021-11,,,2,,5.143367052,Tea Bag
202112,211901,2,TEA BAGS PACKET OF 80,Dec-21,01/12/2021,01/12/2021,123086,2021,12,4,,2021-12,,,2,,5.008456111,Tea Bag
202201,211901,2,TEA BAGS PACKET OF 80,Jan-22,01/01/2022,01/01/2022,123655,2022,1,1,,2022-01,,,2,,5.189583302,Tea Bag
202202,211901,2,TEA BAGS PACKET OF 80,Feb-22,01/02/2022,01/02/2022,121928,2022,2,1,,2022-02,,,2,,5.274632573,Tea Bag
202203,211901,2,TEA BAGS PACKET OF 80,Mar-22,01/03/2022,01/03/2022,125713,2022,3,1,,2022-03,,,2,,5.254591703,Tea Bag
202204,211901,2,TEA BAGS PACKET OF 80,Apr-22,01/04/2022,01/04/2022,127157,2022,4,2,,2022-04,,,2,,5.176013708,Tea Bag
202205,211901,2,TEA BAGS PACKET OF 80,May-22,01/05/2022,01/05/2022,127155,2022,5,2,,2022-05,,,2,,5.346302986,Tea Bag
202206,211901,2,TEA BAGS PACKET OF 80,Jun-22,01/06/2022,01/06/2022,127526,2022,6,2,,2022-06,,,2,,5.26025176,Tea Bag
202207,211901,2,TEA BAGS PACKET OF 80,Jul-22,01/07/2022,01/07/2022,127040,2022,7,3,,2022-07,,,2,,5.320279598,Tea Bag
202208,211901,2,TEA BAGS PACKET OF 80,Aug-22,01/08/2022,01/08/2022,125392,2022,8,3,,2022-08,,,2,,5.413020849,Tea Bag
202209,211901,2,TEA BAGS PACKET OF 80,Sep-22,01/09/2022,01/09/2022,125502,2022,9,3,,2022-09,,,2,,5.665317178,Tea Bag
202210,211901,2,TEA BAGS PACKET OF 80,Oct-22,01/10/2022,01/10/2022,125741,2022,10,4,,2022-10,,,2,,5.354753733,Tea Bag
